activation_id,asset_id,account_id,activation_ts,activation_country_code,activation_region,ip_fingerprint,device_fingerprint
ACT-00000001,ASSET-0000001,ACCT-000111,2025-11-23 14:41:06,C06,C06-R5,ip_d7a4039af1dd,dev_beded0acfa14
ACT-00000002,ASSET-0000002,ACCT-000111,2026-01-25 00:44:37,C07,C07-R2,ip_e913858e571f,dev_beded0acfa14
ACT-00000003,ASSET-0000004,ACCT-000114,2026-03-01 08:51:22,C04,C04-R3,ip_626707d99f87,dev_20b631596f98
ACT-00000004,ASSET-0000005,ACCT-000114,2026-03-23 11:06:47,C04,C04-R4,ip_8c3189c879d8,dev_20b631596f98
ACT-00000005,ASSET-0000006,ACCT-000236,2026-04-03 11:06:50,C02,C02-R3,ip_a79699283731,dev_2e2c36472cf5
ACT-00000006,ASSET-0000007,ACCT-000114,2026-05-10 12:03:26,C04,C04-R2,ip_ec42d17b3d34,dev_20b631596f98
ACT-00000007,ASSET-0000008,ACCT-000048,2025-11-06 03:49:29,C02,C02-R4,ip_b24ce518b9bb,dev_13c36fff183e
ACT-00000008,ASSET-0000009,ACCT-000048,2025-11-30 18:54:05,C02,C02-R1,ip_6ac272b5abc6,dev_13c36fff183e
ACT-00000009,ASSET-0000010,ACCT-000014,2026-02-27 14:27:48,C06,C06-R6,ip_f80f30890e05,dev_e545545833e3
ACT-00000010,ASSET-0000011,ACCT-000014,2026-04-14 22:51:42,C06,C06-R5,ip_26c33d318fa2,dev_e545545833e3
ACT-00000011,ASSET-0000013,ACCT-000009,2026-01-05 00:16:24,C03,C03-R1,ip_f71f6bf0b3d8,dev_e545545833e3
ACT-00000012,ASSET-0000014,ACCT-000358,2026-05-15 18:00:00,C07,C07-R5,ip_d8d6a33df319,dev_a17aa3d28a22
ACT-00000013,ASSET-0000015,ACCT-000122,2026-02-17 09:33:30,C02,C02-R2,ip_bc7975579b05,dev_50bcb03b7f87
ACT-00000014,ASSET-0000016,ACCT-000122,2026-02-12 09:33:30,C06,C06-R6,ip_dc5e1558e09c,dev_50bcb03b7f87
ACT-00000015,ASSET-0000017,ACCT-000094,2026-05-15 18:00:00,C02,C02-R2,ip_3841fbc5ffb5,dev_0a1f038ee700
ACT-00000016,ASSET-0000018,ACCT-000154,2026-05-04 11:30:47,C06,C06-R5,ip_d8a98784f79c,dev_44a41e68c362
ACT-00000017,ASSET-0000019,ACCT-000147,2025-05-29 06:54:10,C07,C07-R2,ip_507c823fbb19,dev_f53d8ae36b73
ACT-00000018,ASSET-0000020,ACCT-000147,2025-12-04 23:28:07,C10,C10-R5,ip_f5a56a306f6a,dev_f53d8ae36b73
ACT-00000019,ASSET-0000021,ACCT-000147,2025-11-22 23:28:07,C07,C07-R3,ip_65129707b347,dev_f53d8ae36b73
ACT-00000020,ASSET-0000022,ACCT-000087,2025-10-16 00:47:23,C01,C01-R1,ip_5572f76df43d,dev_8f5fab953777
ACT-00000021,ASSET-0000023,ACCT-000087,2025-11-08 18:20:14,C01,C01-R5,ip_a3d6313d2686,dev_8f5fab953777
ACT-00000022,ASSET-0000024,ACCT-000010,2025-12-16 02:33:51,C05,C05-R6,ip_b67d42d0edda,dev_e545545833e3
ACT-00000023,ASSET-0000025,ACCT-000010,2026-01-01 02:33:51,C10,C10-R4,ip_950586372de0,dev_e545545833e3
ACT-00000024,ASSET-0000026,ACCT-000010,2025-11-30 02:33:51,C05,C05-R4,ip_30253a57824d,dev_e545545833e3
ACT-00000025,ASSET-0000027,ACCT-000010,2025-12-11 02:33:51,C04,C04-R6,ip_f8c2227bc373,dev_e545545833e3
ACT-00000026,ASSET-0000029,ACCT-000073,2026-05-10 22:22:27,C02,C02-R1,ip_17d528642c74,dev_5af8f40a9070
ACT-00000027,ASSET-0000030,ACCT-000095,2026-04-28 10:09:55,C02,C02-R1,ip_7957e8219d5b,dev_09cd94e0570b
ACT-00000028,ASSET-0000031,ACCT-000197,2026-05-15 18:00:00,C06,C06-R4,ip_cf457f8a6bec,dev_1bb4285f12ba
ACT-00000029,ASSET-0000032,ACCT-000066,2026-03-29 20:10:34,C06,C06-R6,ip_905371eac98f,dev_bc085cd220ca
ACT-00000030,ASSET-0000033,ACCT-000157,2025-07-29 23:33:58,C03,C03-R3,ip_e4a0efe6a835,dev_a9f3dd0ae897
ACT-00000031,ASSET-0000034,ACCT-000157,2025-07-08 03:58:41,C08,C08-R3,ip_a2a3ffaf8bad,dev_a9f3dd0ae897
ACT-00000032,ASSET-0000035,ACCT-000157,2025-09-17 07:10:00,C08,C08-R4,ip_725c136dbd9d,dev_a9f3dd0ae897
ACT-00000033,ASSET-0000036,ACCT-000157,2025-10-16 07:10:00,C08,C08-R6,ip_f760707460f8,dev_a9f3dd0ae897
ACT-00000034,ASSET-0000037,ACCT-000059,2026-01-31 05:50:31,C05,C05-R4,ip_f374e6f153a8,dev_4a2d4598de0f
ACT-00000035,ASSET-0000037,ACCT-000201,2026-03-07 05:50:31,C08,C08-R3,ip_a5fa363fc588,dev_28ccfc1041a5
ACT-00000036,ASSET-0000038,ACCT-000250,2025-08-08 16:07:39,C05,C05-R5,ip_2e9a9653f9dd,dev_3fc0087e7063
ACT-00000037,ASSET-0000039,ACCT-000250,2025-09-05 02:12:35,C05,C05-R3,ip_d19e96f16633,dev_3fc0087e7063
ACT-00000038,ASSET-0000040,ACCT-000250,2025-09-06 02:12:35,C05,C05-R1,ip_e7cadf3d45a7,dev_3fc0087e7063
ACT-00000039,ASSET-0000042,ACCT-000142,2026-03-16 23:18:23,C02,C02-R2,ip_178688db1170,dev_cdab855c2dcd
ACT-00000040,ASSET-0000043,ACCT-000230,2025-08-10 05:29:42,C06,C06-R4,ip_bd5d4879352e,dev_8be39bed7a9d
ACT-00000041,ASSET-0000044,ACCT-000230,2025-08-22 05:29:42,C09,C09-R6,ip_f04a4e32cef3,dev_8be39bed7a9d
ACT-00000042,ASSET-0000045,ACCT-000230,2025-10-04 08:32:38,C06,C06-R5,ip_e34d24405811,dev_8be39bed7a9d
ACT-00000043,ASSET-0000046,ACCT-000226,2026-03-18 23:23:26,C08,C08-R4,ip_a2d684572bcf,dev_dff30c0d26ae
ACT-00000044,ASSET-0000047,ACCT-000226,2026-03-25 23:23:26,C08,C08-R4,ip_626fbc1144d7,dev_dff30c0d26ae
ACT-00000045,ASSET-0000048,ACCT-000226,2026-04-29 19:46:52,C01,C01-R4,ip_e6b032a3fff1,dev_dff30c0d26ae
ACT-00000046,ASSET-0000049,ACCT-000320,2026-01-21 18:15:15,C06,C06-R6,ip_5ae99fbd96fe,dev_94e64009c284
ACT-00000047,ASSET-0000050,ACCT-000320,2026-03-07 12:11:14,C05,C05-R2,ip_4b6a2e78d34f,dev_94e64009c284
ACT-00000048,ASSET-0000051,ACCT-000320,2026-03-15 18:36:44,C07,C07-R6,ip_3dab4c243c7d,dev_94e64009c284
ACT-00000049,ASSET-0000052,ACCT-000320,2026-04-08 18:36:44,C07,C07-R5,ip_b582f10a8f5e,dev_94e64009c284
ACT-00000050,ASSET-0000053,ACCT-000199,2026-03-11 14:12:37,C03,C03-R5,ip_0654ebd0154b,dev_c1137df9b097
ACT-00000051,ASSET-0000054,ACCT-000199,2026-03-31 07:43:05,C04,C04-R3,ip_bba492521b5d,dev_c1137df9b097
ACT-00000052,ASSET-0000056,ACCT-000199,2026-05-15 18:00:00,C08,C08-R5,ip_428fa57ca412,dev_c1137df9b097
ACT-00000053,ASSET-0000057,ACCT-000199,2026-05-15 18:00:00,C09,C09-R3,ip_37d1408b1f35,dev_c1137df9b097
ACT-00000054,ASSET-0000058,ACCT-000069,2025-07-22 22:59:33,C03,C03-R3,ip_b01009e20b9b,dev_be10477fb44b
ACT-00000055,ASSET-0000059,ACCT-000069,2026-02-21 00:09:33,C03,C03-R6,ip_c8a150881df3,dev_be10477fb44b
ACT-00000056,ASSET-0000060,ACCT-000308,2026-04-18 20:24:22,C06,C06-R5,ip_44fd232b55c9,dev_e2d647d947be
ACT-00000057,ASSET-0000061,ACCT-000085,2026-05-02 14:16:26,C08,C08-R1,ip_62155b9b74bd,dev_8ad6e2e25b2a
ACT-00000058,ASSET-0000062,ACCT-000085,2026-04-29 14:16:26,C08,C08-R1,ip_36f378dbba76,dev_8ad6e2e25b2a
ACT-00000059,ASSET-0000063,ACCT-000076,2025-06-02 02:25:51,C09,C09-R1,ip_11fd0945c9b3,dev_3a2db34ac1f3
ACT-00000060,ASSET-0000064,ACCT-000076,2025-06-16 02:25:51,C01,C01-R2,ip_53537f0981e6,dev_3a2db34ac1f3
ACT-00000061,ASSET-0000065,ACCT-000076,2025-05-31 02:25:51,C01,C01-R5,ip_b2f7bb798e66,dev_3a2db34ac1f3
ACT-00000062,ASSET-0000066,ACCT-000200,2025-11-26 06:50:28,C01,C01-R1,ip_917eb82ecd58,dev_98052ecdf0cf
ACT-00000063,ASSET-0000068,ACCT-000246,2026-03-22 07:01:38,C01,C01-R2,ip_e77048156da7,dev_ecf4e2b5d87f
ACT-00000064,ASSET-0000069,ACCT-000310,2025-10-24 04:24:19,C02,C02-R2,ip_adf0b8e9f31b,dev_ffb30afa120a
ACT-00000065,ASSET-0000070,ACCT-000310,2026-03-12 23:26:59,C02,C02-R1,ip_7a25685d0ee4,dev_ffb30afa120a
ACT-00000066,ASSET-0000071,ACCT-000227,2026-02-25 12:23:27,C01,C01-R4,ip_c0bcc76623ca,dev_63a2dc67cf73
ACT-00000067,ASSET-0000072,ACCT-000227,2026-04-11 09:53:42,C06,C06-R1,ip_ad4a7ed9e4d0,dev_63a2dc67cf73
ACT-00000068,ASSET-0000073,ACCT-000047,2025-08-22 05:10:12,C01,C01-R5,ip_420f331424ae,dev_905e73d57bef
ACT-00000069,ASSET-0000074,ACCT-000047,2025-08-01 06:14:06,C04,C04-R1,ip_17cf341f61c6,dev_905e73d57bef
ACT-00000070,ASSET-0000076,ACCT-000196,2026-03-21 15:12:51,C07,C07-R2,ip_a99bf7aa039c,dev_f43fd56618b7
ACT-00000071,ASSET-0000077,ACCT-000186,2026-02-05 20:59:02,C03,C03-R3,ip_2ce849ad2792,dev_425805048b22
ACT-00000072,ASSET-0000078,ACCT-000186,2026-04-22 19:06:43,C03,C03-R1,ip_f3d2015f70ce,dev_425805048b22
ACT-00000073,ASSET-0000079,ACCT-000186,2026-05-01 19:06:43,C03,C03-R3,ip_4c6988459ec6,dev_425805048b22
ACT-00000074,ASSET-0000080,ACCT-000161,2025-10-25 22:59:13,C08,C08-R2,ip_585a9ac31b6f,dev_7617d4ab4981
ACT-00000075,ASSET-0000081,ACCT-000044,2026-05-11 13:59:34,C03,C03-R5,ip_a5c08f31c6c9,dev_f8ff8c51eb52
ACT-00000076,ASSET-0000082,ACCT-000044,2026-05-15 18:00:00,C03,C03-R6,ip_92547917df1c,dev_f8ff8c51eb52
ACT-00000077,ASSET-0000083,ACCT-000179,2026-05-15 18:00:00,C02,C02-R1,ip_368f7094eac4,dev_930e4a401618
ACT-00000078,ASSET-0000084,ACCT-000279,2025-12-14 08:22:40,C04,C04-R5,ip_be61feba81af,dev_08a1e80d0317
ACT-00000079,ASSET-0000085,ACCT-000203,2026-02-12 05:38:41,C05,C05-R5,ip_3871e705036d,dev_944937e2e33b
ACT-00000080,ASSET-0000086,ACCT-000203,2026-02-26 03:12:54,C05,C05-R1,ip_49e3c68ce260,dev_944937e2e33b
ACT-00000081,ASSET-0000088,ACCT-000249,2026-04-04 23:31:50,C02,C02-R2,ip_910b49d2059b,dev_3e0b3bdf68d3
ACT-00000082,ASSET-0000089,ACCT-000249,2026-04-26 23:31:50,C02,C02-R3,ip_5aafc1db03fe,dev_3e0b3bdf68d3
ACT-00000083,ASSET-0000090,ACCT-000124,2025-06-05 02:10:40,C10,C10-R1,ip_c12f2df3f514,dev_669c29a259a3
ACT-00000084,ASSET-0000091,ACCT-000124,2026-01-10 17:16:09,C02,C02-R4,ip_2050183a72f4,dev_669c29a259a3
ACT-00000085,ASSET-0000092,ACCT-000124,2025-12-26 00:36:34,C07,C07-R3,ip_4be7d76a5467,dev_669c29a259a3
ACT-00000086,ASSET-0000093,ACCT-000124,2025-12-21 00:36:34,C05,C05-R1,ip_afc0eb52a57d,dev_669c29a259a3
ACT-00000087,ASSET-0000094,ACCT-000243,2025-12-07 22:41:46,C05,C05-R3,ip_8d82be9686e1,dev_fac93da4d0c2
ACT-00000088,ASSET-0000095,ACCT-000100,2025-10-15 20:28:55,C07,C07-R6,ip_00619ed5fca7,dev_413ec98581f2
ACT-00000089,ASSET-0000096,ACCT-000100,2025-12-08 02:27:38,C01,C01-R1,ip_34511fbc0395,dev_413ec98581f2
ACT-00000090,ASSET-0000098,ACCT-000100,2025-12-29 05:29:06,C08,C08-R2,ip_2fb8bb8629b0,dev_413ec98581f2
ACT-00000091,ASSET-0000099,ACCT-000100,2025-12-23 05:29:06,C09,C09-R3,ip_af61752be591,dev_413ec98581f2
ACT-00000092,ASSET-0000101,ACCT-000100,2026-05-14 22:46:03,C07,C07-R2,ip_6fe937fade75,dev_413ec98581f2
ACT-00000093,ASSET-0000102,ACCT-000232,2026-05-04 18:07:00,C07,C07-R1,ip_0add1a299bd2,dev_12088d33850f
ACT-00000094,ASSET-0000103,ACCT-000232,2026-04-28 18:07:00,C07,C07-R3,ip_7b7b3226348d,dev_12088d33850f
ACT-00000095,ASSET-0000104,ACCT-000271,2025-11-26 11:20:23,C01,C01-R4,ip_d190626f14fe,dev_0ba68a7e013c
ACT-00000096,ASSET-0000105,ACCT-000271,2026-02-04 17:38:31,C06,C06-R3,ip_6dbccc78ae69,dev_0ba68a7e013c
ACT-00000097,ASSET-0000106,ACCT-000271,2026-03-03 07:05:10,C06,C06-R2,ip_29104d279a68,dev_0ba68a7e013c
ACT-00000098,ASSET-0000107,ACCT-000306,2025-08-30 21:10:12,C05,C05-R6,ip_8ccaf0542222,dev_697f17efe95b
ACT-00000099,ASSET-0000108,ACCT-000110,2025-02-16 18:39:17,C01,C01-R5,ip_b0f6d73e9aca,dev_737103536083
ACT-00000100,ASSET-0000109,ACCT-000110,2025-02-11 18:39:17,C01,C01-R5,ip_3f8561792b67,dev_737103536083
ACT-00000101,ASSET-0000110,ACCT-000290,2025-06-27 03:44:13,C01,C01-R3,ip_9b2ce3b530f5,dev_9259f6debc16
ACT-00000102,ASSET-0000111,ACCT-000236,2026-04-18 18:17:39,C03,C03-R4,ip_f5ae9714d676,dev_2e2c36472cf5
ACT-00000103,ASSET-0000112,ACCT-000113,2025-12-11 05:30:23,C04,C04-R4,ip_709f17974bba,dev_1171032f7f52
ACT-00000104,ASSET-0000113,ACCT-000113,2026-01-04 05:30:23,C04,C04-R4,ip_caaac77fd516,dev_1171032f7f52
ACT-00000105,ASSET-0000114,ACCT-000015,2026-05-03 00:50:38,C01,C01-R3,ip_7212d086404e,dev_e545545833e3
ACT-00000106,ASSET-0000115,ACCT-000171,2026-03-22 11:50:56,C08,C08-R5,ip_b1152f5c74fc,dev_76b7391abccb
ACT-00000107,ASSET-0000116,ACCT-000161,2026-03-15 13:29:33,C08,C08-R3,ip_a9e8ae4e2b5a,dev_7617d4ab4981
ACT-00000108,ASSET-0000117,ACCT-000136,2026-03-18 08:29:33,C09,C09-R2,ip_488747e20c5a,dev_b97359f10668
ACT-00000109,ASSET-0000117,ACCT-000100,2026-04-10 08:29:33,C07,C07-R4,ip_14ea43c993ba,dev_413ec98581f2
ACT-00000110,ASSET-0000118,ACCT-000021,2026-01-31 18:51:04,C02,C02-R5,ip_a789f2c783cd,dev_55168a8482b0
ACT-00000111,ASSET-0000120,ACCT-000304,2025-07-14 07:35:12,C06,C06-R5,ip_d992d51b9b25,dev_cc4b49ea4c79
ACT-00000112,ASSET-0000121,ACCT-000304,2025-07-10 20:57:04,C06,C06-R1,ip_64360187065c,dev_cc4b49ea4c79
ACT-00000113,ASSET-0000122,ACCT-000153,2025-12-20 05:35:09,C08,C08-R5,ip_4288e7c39be9,dev_0d57552197a0
ACT-00000114,ASSET-0000123,ACCT-000153,2026-03-03 12:59:58,C05,C05-R3,ip_05925e8fcad1,dev_0d57552197a0
ACT-00000115,ASSET-0000124,ACCT-000144,2025-12-12 11:11:23,C06,C06-R1,ip_a69bd0583e75,dev_7922ef4e5763
ACT-00000116,ASSET-0000125,ACCT-000144,2025-11-17 11:11:23,C06,C06-R4,ip_8183135a50bc,dev_7922ef4e5763
ACT-00000117,ASSET-0000126,ACCT-000144,2026-03-22 15:40:00,C04,C04-R1,ip_844613f0ebec,dev_7922ef4e5763
ACT-00000118,ASSET-0000127,ACCT-000144,2025-12-08 22:09:11,C09,C09-R5,ip_365990726b1b,dev_7922ef4e5763
ACT-00000119,ASSET-0000128,ACCT-000029,2025-12-20 20:09:11,C07,C07-R4,ip_630e30873214,dev_86e1a0a4a6a7
ACT-00000120,ASSET-0000129,ACCT-000333,2025-03-24 19:47:58,C04,C04-R6,ip_575be2f4e474,dev_b6210cf80662
ACT-00000121,ASSET-0000130,ACCT-000333,2025-03-14 19:47:58,C04,C04-R6,ip_c77ee8c827f9,dev_b6210cf80662
ACT-00000122,ASSET-0000131,ACCT-000333,2025-03-12 19:47:58,C04,C04-R6,ip_0956a4515a25,dev_b6210cf80662
ACT-00000123,ASSET-0000132,ACCT-000151,2025-07-08 12:09:04,C06,C06-R6,ip_039767bf6801,dev_fbae63c24c1f
ACT-00000124,ASSET-0000133,ACCT-000063,2025-11-12 09:58:46,C09,C09-R3,ip_441dcbde860d,dev_959f3d834870
ACT-00000125,ASSET-0000134,ACCT-000063,2026-02-28 01:31:45,C10,C10-R2,ip_cb1c2a787738,dev_959f3d834870
ACT-00000126,ASSET-0000135,ACCT-000248,2026-02-01 05:25:37,C03,C03-R1,ip_d4d1e9489b13,dev_a54ff92e8848
ACT-00000127,ASSET-0000137,ACCT-000328,2026-01-30 11:06:37,C02,C02-R1,ip_35f46c207283,dev_3d3bb3309a77
ACT-00000128,ASSET-0000138,ACCT-000245,2025-10-28 10:48:31,C02,C02-R6,ip_7f1ffa54522d,dev_290e99613e54
ACT-00000129,ASSET-0000139,ACCT-000245,2026-02-14 04:59:38,C01,C01-R5,ip_92822e0f8924,dev_290e99613e54
ACT-00000130,ASSET-0000140,ACCT-000190,2026-04-04 10:25:00,C06,C06-R4,ip_f386ae7beea5,dev_b5051b3cca68
ACT-00000131,ASSET-0000141,ACCT-000190,2026-03-20 10:25:00,C05,C05-R1,ip_d147a2403c77,dev_b5051b3cca68
ACT-00000132,ASSET-0000142,ACCT-000264,2025-08-17 11:39:36,C04,C04-R2,ip_665c4cc410af,dev_56c30bccb9f4
ACT-00000133,ASSET-0000143,ACCT-000240,2025-08-20 17:35:33,C08,C08-R6,ip_731ad910f8ac,dev_14892edfc3cf
ACT-00000134,ASSET-0000144,ACCT-000127,2026-01-30 18:16:38,C06,C06-R3,ip_83ba5e32e92b,dev_8a610abbce61
ACT-00000135,ASSET-0000145,ACCT-000127,2026-04-07 14:40:47,C01,C01-R4,ip_b99f939915a1,dev_8a610abbce61
ACT-00000136,ASSET-0000146,ACCT-000173,2025-11-02 09:06:53,C05,C05-R2,ip_80f0660a9942,dev_fed8b57235ef
ACT-00000137,ASSET-0000147,ACCT-000018,2026-03-21 05:49:44,C01,C01-R3,ip_25bcba905660,dev_48e295ce6f12
ACT-00000138,ASSET-0000149,ACCT-000050,2026-03-20 13:07:17,C06,C06-R1,ip_f1fd307525fb,dev_cfed846c74c5
ACT-00000139,ASSET-0000150,ACCT-000095,2026-04-14 13:21:05,C08,C08-R4,ip_3c7898918e65,dev_09cd94e0570b
ACT-00000140,ASSET-0000151,ACCT-000121,2026-03-18 15:17:18,C04,C04-R6,ip_12e26ef6826b,dev_64326a459d3e
ACT-00000141,ASSET-0000152,ACCT-000317,2025-12-08 16:50:50,C02,C02-R2,ip_a4e2e9a89f77,dev_e5e98d0d357b
ACT-00000142,ASSET-0000153,ACCT-000317,2025-11-08 16:50:50,C05,C05-R3,ip_2c785e278fa7,dev_e5e98d0d357b
ACT-00000143,ASSET-0000154,ACCT-000317,2026-03-17 16:42:43,C02,C02-R3,ip_20de64e07251,dev_e5e98d0d357b
ACT-00000144,ASSET-0000155,ACCT-000317,2026-03-02 16:42:43,C02,C02-R4,ip_7149c7817d6e,dev_e5e98d0d357b
ACT-00000145,ASSET-0000156,ACCT-000283,2026-01-30 13:47:25,C08,C08-R6,ip_9b11b7a96a9d,dev_285ee3dea1a6
ACT-00000146,ASSET-0000157,ACCT-000283,2026-03-16 17:51:01,C08,C08-R2,ip_e23e124d2a9a,dev_285ee3dea1a6
ACT-00000147,ASSET-0000158,ACCT-000343,2026-05-15 18:00:00,C05,C05-R2,ip_511e61c48302,dev_8d0264cb1714
ACT-00000148,ASSET-0000159,ACCT-000353,2025-06-14 16:52:24,C01,C01-R6,ip_c13c19188af6,dev_c446e1e466b7
ACT-00000149,ASSET-0000160,ACCT-000353,2025-06-30 16:52:24,C01,C01-R4,ip_e44f0bf62b1e,dev_c446e1e466b7
ACT-00000150,ASSET-0000161,ACCT-000353,2025-07-03 22:42:09,C04,C04-R1,ip_ac844d73690d,dev_c446e1e466b7
ACT-00000151,ASSET-0000162,ACCT-000177,2026-02-13 01:34:17,C08,C08-R6,ip_c5396c7aa3d6,dev_1003046b91d3
ACT-00000152,ASSET-0000164,ACCT-000272,2025-12-28 12:12:08,C02,C02-R3,ip_5b93c5787862,dev_92849e0928e9
ACT-00000153,ASSET-0000165,ACCT-000263,2026-02-20 11:40:10,C01,C01-R6,ip_438d44cec11f,dev_3dbaf8dd32b1
ACT-00000154,ASSET-0000166,ACCT-000263,2026-02-27 13:14:41,C01,C01-R6,ip_fe3f8e7b9673,dev_3dbaf8dd32b1
ACT-00000155,ASSET-0000167,ACCT-000327,2026-03-01 08:34:15,C01,C01-R2,ip_6afc2c53815d,dev_00934d5d9241
ACT-00000156,ASSET-0000168,ACCT-000327,2026-02-22 15:20:48,C03,C03-R2,ip_bcadca775e6d,dev_00934d5d9241
ACT-00000157,ASSET-0000169,ACCT-000080,2025-03-28 14:20:36,C04,C04-R2,ip_0294761950ad,dev_050e15d8e018
ACT-00000158,ASSET-0000170,ACCT-000080,2026-02-12 08:29:34,C05,C05-R3,ip_a87b38926d42,dev_050e15d8e018
ACT-00000159,ASSET-0000172,ACCT-000338,2025-10-02 10:22:16,C05,C05-R3,ip_b0998440fd7c,dev_cc78a1f3b0bc
ACT-00000160,ASSET-0000173,ACCT-000338,2026-02-27 09:31:09,C05,C05-R6,ip_affdc5cc0dc4,dev_cc78a1f3b0bc
ACT-00000161,ASSET-0000174,ACCT-000211,2026-02-05 18:26:37,C05,C05-R5,ip_533fa96d5d64,dev_13aeab616b9d
ACT-00000162,ASSET-0000175,ACCT-000058,2026-03-16 08:27:18,C01,C01-R1,ip_2c0dcb570b65,dev_4a2d4598de0f
ACT-00000163,ASSET-0000176,ACCT-000336,2025-09-14 23:23:02,C02,C02-R3,ip_44effae95374,dev_abec70ced63c
ACT-00000164,ASSET-0000177,ACCT-000336,2025-12-24 10:26:57,C08,C08-R6,ip_ecc6c482d972,dev_abec70ced63c
ACT-00000165,ASSET-0000178,ACCT-000336,2025-12-15 10:26:57,C08,C08-R5,ip_e8b75a852f31,dev_abec70ced63c
ACT-00000166,ASSET-0000179,ACCT-000205,2026-05-07 11:46:43,C08,C08-R3,ip_dc136e5a79e0,dev_7269bfe2c806
ACT-00000167,ASSET-0000180,ACCT-000205,2026-04-30 11:46:43,C08,C08-R2,ip_ba86a8ba7b5b,dev_7269bfe2c806
ACT-00000168,ASSET-0000181,ACCT-000205,2026-05-02 11:46:43,C08,C08-R1,ip_33c017dac164,dev_7269bfe2c806
ACT-00000169,ASSET-0000183,ACCT-000349,2025-12-22 22:53:11,C03,C03-R1,ip_e587aa851157,dev_7c56c6174404
ACT-00000170,ASSET-0000184,ACCT-000349,2025-12-10 22:53:11,C03,C03-R5,ip_f2085a5bf950,dev_7c56c6174404
ACT-00000171,ASSET-0000185,ACCT-000349,2026-05-15 18:00:00,C05,C05-R2,ip_5b217d5079a2,dev_7c56c6174404
ACT-00000172,ASSET-0000186,ACCT-000182,2025-02-08 22:39:49,C02,C02-R3,ip_62ecccd7f9ae,dev_00d8a5135a6a
ACT-00000173,ASSET-0000187,ACCT-000046,2025-08-13 12:24:27,C02,C02-R2,ip_3d0829366f59,dev_5c737ac2cf9a
ACT-00000174,ASSET-0000188,ACCT-000046,2025-08-14 12:24:27,C02,C02-R6,ip_cfa5df8ce7c2,dev_5c737ac2cf9a
ACT-00000175,ASSET-0000190,ACCT-000046,2026-01-07 02:42:03,C02,C02-R3,ip_5abf9895e5ec,dev_5c737ac2cf9a
ACT-00000176,ASSET-0000191,ACCT-000303,2026-04-12 00:06:40,C08,C08-R2,ip_ca9e71dee900,dev_b0f65142c78b
ACT-00000177,ASSET-0000192,ACCT-000303,2026-04-19 18:48:43,C08,C08-R6,ip_c6a55b426d58,dev_b0f65142c78b
ACT-00000178,ASSET-0000193,ACCT-000303,2026-03-27 18:48:43,C08,C08-R4,ip_8da107929c95,dev_b0f65142c78b
ACT-00000179,ASSET-0000194,ACCT-000303,2026-04-12 18:48:43,C08,C08-R2,ip_699d34eb7022,dev_b0f65142c78b
ACT-00000180,ASSET-0000195,ACCT-000055,2025-12-16 07:31:04,C01,C01-R2,ip_1d2c0c6bae88,dev_4a2d4598de0f
ACT-00000181,ASSET-0000197,ACCT-000088,2025-09-07 08:16:06,C05,C05-R3,ip_08e7a1b52c47,dev_f831a5ab0339
ACT-00000182,ASSET-0000198,ACCT-000088,2026-01-06 08:49:41,C05,C05-R6,ip_caa0cd6cc51d,dev_f831a5ab0339
ACT-00000183,ASSET-0000199,ACCT-000088,2026-05-14 10:20:54,C05,C05-R1,ip_e527d23fd667,dev_f831a5ab0339
ACT-00000184,ASSET-0000200,ACCT-000049,2026-04-30 17:46:12,C06,C06-R4,ip_8c620367c42a,dev_378562d83e5c
ACT-00000185,ASSET-0000201,ACCT-000049,2026-04-17 17:46:12,C06,C06-R5,ip_ece7f5bd74ed,dev_378562d83e5c
ACT-00000186,ASSET-0000202,ACCT-000049,2026-04-20 17:46:12,C06,C06-R3,ip_102df661c495,dev_378562d83e5c
ACT-00000187,ASSET-0000203,ACCT-000324,2026-02-25 17:11:12,C05,C05-R2,ip_a0fc4b497e1f,dev_7570ccd27b6f
ACT-00000188,ASSET-0000205,ACCT-000219,2026-03-22 07:01:53,C07,C07-R2,ip_eadc0d2537ae,dev_91ecce10a847
ACT-00000189,ASSET-0000206,ACCT-000219,2026-03-24 07:01:53,C07,C07-R3,ip_5713658a5bd5,dev_91ecce10a847
ACT-00000190,ASSET-0000207,ACCT-000219,2026-03-10 07:01:53,C07,C07-R2,ip_7787168c3d98,dev_91ecce10a847
ACT-00000191,ASSET-0000208,ACCT-000162,2025-09-20 23:08:14,C01,C01-R1,ip_cd3441857ddb,dev_179c4febced1
ACT-00000192,ASSET-0000209,ACCT-000162,2025-09-14 23:08:14,C01,C01-R4,ip_15b88c6ce267,dev_179c4febced1
ACT-00000193,ASSET-0000210,ACCT-000074,2025-10-02 12:26:41,C03,C03-R6,ip_1e25e5f138ca,dev_618b2ec0f8cb
ACT-00000194,ASSET-0000211,ACCT-000311,2026-05-15 18:00:00,C04,C04-R3,ip_bf35906cdeb6,dev_fca2ac2d30b9
ACT-00000195,ASSET-0000212,ACCT-000209,2025-12-23 10:01:14,C05,C05-R2,ip_b85120e592c3,dev_e11231ea8807
ACT-00000196,ASSET-0000213,ACCT-000209,2026-03-05 05:49:41,C05,C05-R2,ip_512e44e93a18,dev_e11231ea8807
ACT-00000197,ASSET-0000214,ACCT-000209,2026-04-28 15:25:48,C05,C05-R4,ip_2c6a1275dceb,dev_e11231ea8807
ACT-00000198,ASSET-0000215,ACCT-000260,2025-12-02 12:03:05,C04,C04-R3,ip_4d619a364ffb,dev_ce3cf7ef9e6a
ACT-00000199,ASSET-0000216,ACCT-000260,2025-12-23 05:04:07,C07,C07-R4,ip_119b2656d76b,dev_ce3cf7ef9e6a
ACT-00000200,ASSET-0000217,ACCT-000129,2026-01-14 18:59:04,C05,C05-R6,ip_78ae31153f31,dev_2e21e5567a90
ACT-00000201,ASSET-0000218,ACCT-000175,2025-06-21 17:22:38,C05,C05-R6,ip_e1d0a6a9573a,dev_a8b2b56bcb9e
ACT-00000202,ASSET-0000219,ACCT-000175,2026-02-21 03:17:56,C08,C08-R3,ip_9463c4628e10,dev_a8b2b56bcb9e
ACT-00000203,ASSET-0000220,ACCT-000359,2026-05-01 15:10:51,C08,C08-R6,ip_517625435ad9,dev_3a4865264986
ACT-00000204,ASSET-0000223,ACCT-000289,2025-01-31 11:31:26,C02,C02-R5,ip_76858e6dcfa2,dev_43e108b7bcd0
ACT-00000205,ASSET-0000224,ACCT-000289,2025-02-08 11:31:26,C02,C02-R3,ip_6d2d81b17d97,dev_43e108b7bcd0
ACT-00000206,ASSET-0000225,ACCT-000213,2026-04-24 15:18:12,C05,C05-R4,ip_c2a4bbd93468,dev_e6422d6b8ffa
ACT-00000207,ASSET-0000226,ACCT-000213,2026-05-09 04:44:09,C05,C05-R4,ip_d7429f8c576f,dev_e6422d6b8ffa
ACT-00000208,ASSET-0000228,ACCT-000148,2026-05-03 05:42:10,C02,C02-R5,ip_0a59c1b9f19b,dev_4997c0788582
ACT-00000209,ASSET-0000229,ACCT-000148,2026-05-10 21:57:13,C07,C07-R4,ip_82ef9a1bcb37,dev_4997c0788582
ACT-00000210,ASSET-0000230,ACCT-000148,2026-04-30 21:57:13,C07,C07-R2,ip_89081ce7ec03,dev_4997c0788582
ACT-00000211,ASSET-0000231,ACCT-000026,2026-03-03 16:39:10,C03,C03-R6,ip_aeac70524566,dev_7cd9584fce84
ACT-00000212,ASSET-0000232,ACCT-000026,2026-03-10 16:39:10,C03,C03-R1,ip_6eac681d1633,dev_7cd9584fce84
ACT-00000213,ASSET-0000234,ACCT-000026,2026-02-27 18:07:10,C03,C03-R4,ip_953ca296d33b,dev_7cd9584fce84
ACT-00000214,ASSET-0000235,ACCT-000026,2026-03-17 18:07:10,C03,C03-R2,ip_9c9e093e7a13,dev_7cd9584fce84
ACT-00000215,ASSET-0000236,ACCT-000026,2026-03-25 19:55:10,C03,C03-R6,ip_b5213451028e,dev_7cd9584fce84
ACT-00000216,ASSET-0000237,ACCT-000026,2026-03-10 19:55:10,C03,C03-R2,ip_744a83db479a,dev_7cd9584fce84
ACT-00000217,ASSET-0000238,ACCT-000026,2026-02-26 19:55:10,C03,C03-R5,ip_69ce9a784275,dev_7cd9584fce84
ACT-00000218,ASSET-0000240,ACCT-000026,2026-03-01 21:58:10,C03,C03-R2,ip_d981f6cb4388,dev_7cd9584fce84
ACT-00000219,ASSET-0000242,ACCT-000026,2026-03-21 21:58:10,C08,C08-R6,ip_02c16db069bf,dev_7cd9584fce84
ACT-00000220,ASSET-0000243,ACCT-000026,2026-02-28 21:58:10,C03,C03-R5,ip_9e8ef661af59,dev_7cd9584fce84
ACT-00000221,ASSET-0000244,ACCT-000026,2026-02-28 02:47:10,C06,C06-R1,ip_ea11e3cc22ad,dev_7cd9584fce84
ACT-00000222,ASSET-0000245,ACCT-000026,2026-02-27 02:47:10,C03,C03-R5,ip_c0592c52597f,dev_7cd9584fce84
ACT-00000223,ASSET-0000246,ACCT-000026,2026-03-10 02:47:10,C03,C03-R5,ip_5570e87808a3,dev_7cd9584fce84
ACT-00000224,ASSET-0000247,ACCT-000026,2026-03-10 02:47:10,C03,C03-R3,ip_f3abac39dad8,dev_7cd9584fce84
ACT-00000225,ASSET-0000248,ACCT-000026,2026-03-24 02:47:10,C03,C03-R3,ip_c5f28b5ac76a,dev_7cd9584fce84
ACT-00000226,ASSET-0000249,ACCT-000026,2026-03-26 06:10:10,C03,C03-R2,ip_98b7464b6c4b,dev_7cd9584fce84
ACT-00000227,ASSET-0000250,ACCT-000026,2026-03-14 06:10:10,C03,C03-R2,ip_ad1fc1ee9ebd,dev_7cd9584fce84
ACT-00000228,ASSET-0000251,ACCT-000026,2026-02-26 09:19:10,C01,C01-R2,ip_b66420fd77d6,dev_7cd9584fce84
ACT-00000229,ASSET-0000252,ACCT-000026,2026-03-18 09:19:10,C01,C01-R4,ip_b7b395976280,dev_7cd9584fce84
ACT-00000230,ASSET-0000253,ACCT-000026,2026-03-25 09:19:10,C01,C01-R3,ip_608900b1b785,dev_7cd9584fce84
ACT-00000231,ASSET-0000255,ACCT-000017,2025-04-17 15:21:54,C01,C01-R3,ip_702860544c71,dev_7c1da19c3a53
ACT-00000232,ASSET-0000256,ACCT-000017,2025-07-05 02:30:11,C01,C01-R2,ip_10746a6ec7e7,dev_7c1da19c3a53
ACT-00000233,ASSET-0000257,ACCT-000348,2025-12-04 09:03:18,C07,C07-R3,ip_651accc6e6ba,dev_dbb34f155182
ACT-00000234,ASSET-0000258,ACCT-000348,2025-12-11 09:03:18,C07,C07-R4,ip_1ff658d43916,dev_dbb34f155182
ACT-00000235,ASSET-0000259,ACCT-000348,2025-11-20 09:03:18,C07,C07-R2,ip_42b83351d75b,dev_dbb34f155182
ACT-00000236,ASSET-0000260,ACCT-000108,2025-08-29 12:22:28,C06,C06-R5,ip_11075df2c96e,dev_e19af19c85a5
ACT-00000237,ASSET-0000262,ACCT-000288,2025-05-18 23:45:53,C07,C07-R5,ip_90088261f4fa,dev_6ef61e8ab6a3
ACT-00000238,ASSET-0000263,ACCT-000288,2025-06-06 23:45:53,C07,C07-R3,ip_5c131bbd4729,dev_6ef61e8ab6a3
ACT-00000239,ASSET-0000264,ACCT-000288,2025-08-23 11:39:25,C08,C08-R5,ip_1ca1d30f32c8,dev_6ef61e8ab6a3
ACT-00000240,ASSET-0000265,ACCT-000288,2026-03-16 23:40:32,C08,C08-R3,ip_b077767585f4,dev_6ef61e8ab6a3
ACT-00000241,ASSET-0000266,ACCT-000221,2026-02-22 17:52:00,C04,C04-R4,ip_396236de0c6f,dev_28c260b3350b
ACT-00000242,ASSET-0000267,ACCT-000266,2025-10-28 20:13:53,C07,C07-R3,ip_395fc9320145,dev_860a40704d7c
ACT-00000243,ASSET-0000268,ACCT-000266,2026-02-11 08:07:39,C05,C05-R3,ip_6844b8d752e3,dev_860a40704d7c
ACT-00000244,ASSET-0000269,ACCT-000266,2026-04-19 10:43:05,C07,C07-R2,ip_86aa13c25bc5,dev_860a40704d7c
ACT-00000245,ASSET-0000270,ACCT-000266,2026-04-21 19:28:37,C07,C07-R3,ip_d43409040630,dev_860a40704d7c
ACT-00000246,ASSET-0000271,ACCT-000051,2026-01-21 00:02:32,C06,C06-R1,ip_6a8a7783aa2d,dev_39c511d39258
ACT-00000247,ASSET-0000272,ACCT-000201,2026-04-19 04:04:59,C02,C02-R1,ip_22eef0ad0e05,dev_28ccfc1041a5
ACT-00000248,ASSET-0000274,ACCT-000057,2026-03-27 04:43:21,C02,C02-R5,ip_1f261bbfe5c0,dev_4a2d4598de0f
ACT-00000249,ASSET-0000275,ACCT-000057,2026-03-28 04:43:21,C02,C02-R3,ip_45c5690d4cf6,dev_4a2d4598de0f
ACT-00000250,ASSET-0000275,ACCT-000114,2026-05-15 18:00:00,C07,C07-R2,ip_8f87793ae7e8,dev_20b631596f98
ACT-00000251,ASSET-0000276,ACCT-000057,2026-05-15 18:00:00,C08,C08-R4,ip_21f82c2316ab,dev_4a2d4598de0f
ACT-00000252,ASSET-0000276,ACCT-000042,2026-05-15 18:00:00,C10,C10-R1,ip_5eb968a648a0,dev_e0e6e4c4b19f
ACT-00000253,ASSET-0000277,ACCT-000204,2025-12-03 05:27:02,C05,C05-R2,ip_25d11e359acd,dev_683191aeae7a
ACT-00000254,ASSET-0000278,ACCT-000315,2026-01-23 13:30:48,C07,C07-R1,ip_f8c0eaa39f15,dev_c5cbda805ba0
ACT-00000255,ASSET-0000279,ACCT-000117,2025-07-16 21:51:20,C03,C03-R5,ip_f9cb45868740,dev_3a2af70c1d97
ACT-00000256,ASSET-0000280,ACCT-000275,2026-05-15 18:00:00,C06,C06-R2,ip_07e4293971fd,dev_a939248b244e
ACT-00000257,ASSET-0000281,ACCT-000202,2025-07-19 11:49:11,C08,C08-R4,ip_1815345a4d74,dev_79597939ed8e
ACT-00000258,ASSET-0000282,ACCT-000202,2025-08-15 11:49:11,C08,C08-R3,ip_b4b4b2fe608e,dev_79597939ed8e
ACT-00000259,ASSET-0000283,ACCT-000252,2025-08-28 23:49:11,C08,C08-R5,ip_9cc8dccf22ae,dev_27bf27551371
ACT-00000260,ASSET-0000284,ACCT-000202,2026-01-29 10:50:10,C08,C08-R4,ip_5c2da89e896d,dev_79597939ed8e
ACT-00000261,ASSET-0000285,ACCT-000202,2026-01-28 10:50:10,C08,C08-R5,ip_47b921fa4c6a,dev_79597939ed8e
ACT-00000262,ASSET-0000286,ACCT-000158,2026-05-14 21:07:23,C06,C06-R6,ip_35194bb2c196,dev_aade0b8e935c
ACT-00000263,ASSET-0000288,ACCT-000141,2025-12-26 17:47:53,C04,C04-R4,ip_c4f73d80b503,dev_565052f47be6
ACT-00000264,ASSET-0000289,ACCT-000141,2026-01-11 17:47:53,C04,C04-R5,ip_3c585e82eaa4,dev_565052f47be6
ACT-00000265,ASSET-0000290,ACCT-000141,2026-01-09 17:47:53,C04,C04-R4,ip_9a794762f15c,dev_565052f47be6
ACT-00000266,ASSET-0000291,ACCT-000329,2026-03-30 12:09:23,C01,C01-R3,ip_6c75e5058ad3,dev_41264c2cbb87
ACT-00000267,ASSET-0000292,ACCT-000329,2026-04-20 12:09:23,C01,C01-R1,ip_7528cb2f2a28,dev_41264c2cbb87
ACT-00000268,ASSET-0000293,ACCT-000329,2026-05-15 18:00:00,C01,C01-R3,ip_6df6c08477fd,dev_41264c2cbb87
ACT-00000269,ASSET-0000294,ACCT-000104,2026-04-02 22:16:46,C08,C08-R5,ip_9997ab463df1,dev_db4a85794c95
ACT-00000270,ASSET-0000295,ACCT-000008,2026-03-21 03:57:02,C04,C04-R6,ip_7d07c975172d,dev_ec2cfb679598
ACT-00000271,ASSET-0000296,ACCT-000008,2026-03-24 03:57:02,C04,C04-R1,ip_33d17cda871c,dev_ec2cfb679598
ACT-00000272,ASSET-0000297,ACCT-000008,2026-04-29 17:58:34,C04,C04-R3,ip_fe0be1e7eac6,dev_ec2cfb679598
ACT-00000273,ASSET-0000298,ACCT-000008,2026-05-15 18:00:00,C04,C04-R2,ip_a4cbb7233333,dev_ec2cfb679598
ACT-00000274,ASSET-0000299,ACCT-000270,2025-05-09 18:31:59,C03,C03-R5,ip_99d41c58933c,dev_fa41c3fe3bcd
ACT-00000275,ASSET-0000300,ACCT-000270,2025-06-01 18:31:59,C03,C03-R1,ip_00cd05652daf,dev_fa41c3fe3bcd
ACT-00000276,ASSET-0000301,ACCT-000198,2026-03-21 09:12:10,C03,C03-R3,ip_4bd8cac89b6f,dev_944228485b5a
ACT-00000277,ASSET-0000302,ACCT-000323,2026-04-07 05:56:39,C04,C04-R1,ip_de4f06a7ef0d,dev_2a202cd10c75
ACT-00000278,ASSET-0000304,ACCT-000323,2026-04-27 05:56:39,C04,C04-R5,ip_c9f1536e7e38,dev_2a202cd10c75
ACT-00000279,ASSET-0000306,ACCT-000132,2025-09-21 20:41:19,C05,C05-R1,ip_acdf19bf1b01,dev_8a588646fe79
ACT-00000280,ASSET-0000307,ACCT-000102,2026-04-01 19:20:49,C06,C06-R1,ip_9be07e8573b7,dev_03604590dacc
ACT-00000281,ASSET-0000308,ACCT-000102,2026-03-21 19:21:09,C03,C03-R6,ip_e7d6d4bb4895,dev_03604590dacc
ACT-00000282,ASSET-0000309,ACCT-000174,2026-01-30 06:54:02,C08,C08-R2,ip_067cb13380d7,dev_9d84371b4e56
ACT-00000283,ASSET-0000310,ACCT-000174,2026-01-26 06:54:02,C08,C08-R5,ip_c2f6a10010e9,dev_9d84371b4e56
ACT-00000284,ASSET-0000312,ACCT-000174,2026-05-05 08:56:21,C08,C08-R1,ip_4f0b4a41f395,dev_9d84371b4e56
ACT-00000285,ASSET-0000313,ACCT-000174,2026-05-10 02:01:27,C08,C08-R2,ip_22fec5f9d28c,dev_9d84371b4e56
ACT-00000286,ASSET-0000314,ACCT-000174,2026-05-15 18:00:00,C08,C08-R2,ip_68c598388c54,dev_9d84371b4e56
ACT-00000287,ASSET-0000315,ACCT-000064,2026-04-21 06:04:11,C07,C07-R5,ip_c3dc4ea6afbb,dev_45371c452c6c
ACT-00000288,ASSET-0000316,ACCT-000064,2026-04-13 22:27:37,C01,C01-R4,ip_e2f12d8a2f36,dev_45371c452c6c
ACT-00000289,ASSET-0000317,ACCT-000167,2026-01-01 10:54:04,C07,C07-R3,ip_b249e8c8bbe0,dev_fa4bdf8bfc5b
ACT-00000290,ASSET-0000318,ACCT-000167,2026-05-12 00:42:02,C07,C07-R2,ip_bbbc196c8a99,dev_fa4bdf8bfc5b
ACT-00000291,ASSET-0000319,ACCT-000157,2026-04-16 00:45:47,C07,C07-R6,ip_e54f700c8bd3,dev_a9f3dd0ae897
ACT-00000292,ASSET-0000320,ACCT-000263,2026-05-11 21:02:23,C10,C10-R4,ip_961ea72ee7c8,dev_3dbaf8dd32b1
ACT-00000293,ASSET-0000321,ACCT-000193,2026-03-24 10:43:42,C08,C08-R6,ip_556662029849,dev_0b1b87b44408
ACT-00000294,ASSET-0000322,ACCT-000193,2026-04-01 10:43:42,C08,C08-R1,ip_e2f558ead144,dev_0b1b87b44408
ACT-00000295,ASSET-0000323,ACCT-000056,2026-04-12 15:14:18,C06,C06-R2,ip_9f9b6def66e5,dev_4a2d4598de0f
ACT-00000296,ASSET-0000324,ACCT-000353,2026-05-15 18:00:00,C06,C06-R4,ip_2ece1650e9c0,dev_c446e1e466b7
ACT-00000297,ASSET-0000325,ACCT-000056,2026-05-15 18:00:00,C03,C03-R3,ip_9198e0c71c3d,dev_4a2d4598de0f
ACT-00000298,ASSET-0000326,ACCT-000011,2026-04-05 09:08:19,C08,C08-R3,ip_a189c2500b08,dev_e545545833e3
ACT-00000299,ASSET-0000327,ACCT-000155,2025-10-22 23:01:25,C04,C04-R4,ip_fd3ed62d98fb,dev_70b590ba6ce0
ACT-00000300,ASSET-0000328,ACCT-000112,2025-10-01 13:45:28,C08,C08-R5,ip_c1d97f1accfe,dev_f073e1e02cba
ACT-00000301,ASSET-0000329,ACCT-000336,2025-10-02 10:45:28,C08,C08-R1,ip_2b5f6da3e8b7,dev_abec70ced63c
ACT-00000302,ASSET-0000329,ACCT-000305,2025-12-12 10:45:28,C10,C10-R6,ip_77ec5faf68e5,dev_5df64dc50325
ACT-00000303,ASSET-0000330,ACCT-000203,2025-09-22 19:20:40,C10,C10-R4,ip_ab75b92e4815,dev_944937e2e33b
ACT-00000304,ASSET-0000333,ACCT-000321,2026-03-15 11:22:21,C03,C03-R6,ip_df23748d1815,dev_3991015ccda4
ACT-00000305,ASSET-0000334,ACCT-000176,2026-04-27 09:58:03,C06,C06-R5,ip_c419c0c2ccb6,dev_3ef209e84abd
ACT-00000306,ASSET-0000335,ACCT-000068,2025-09-30 20:30:21,C07,C07-R2,ip_15cc19ac8295,dev_d7eeab41615c
ACT-00000307,ASSET-0000338,ACCT-000068,2025-12-18 20:39:00,C05,C05-R1,ip_eb2b6b58a0e2,dev_d7eeab41615c
ACT-00000308,ASSET-0000339,ACCT-000119,2026-03-14 10:54:48,C05,C05-R1,ip_463f4d11a872,dev_90ede04301fd
ACT-00000309,ASSET-0000340,ACCT-000235,2026-02-18 16:39:11,C02,C02-R5,ip_b3f64857e5b5,dev_64b6937f9cc8
ACT-00000310,ASSET-0000341,ACCT-000235,2026-03-03 16:39:11,C02,C02-R2,ip_3f2b0ee56154,dev_64b6937f9cc8
ACT-00000311,ASSET-0000342,ACCT-000235,2026-05-06 04:05:54,C05,C05-R6,ip_80ff03f4cc5c,dev_64b6937f9cc8
ACT-00000312,ASSET-0000344,ACCT-000241,2026-03-09 04:40:50,C04,C04-R1,ip_3503338a5eab,dev_7ed39a9d78f8
ACT-00000313,ASSET-0000346,ACCT-000332,2026-04-12 14:25:37,C04,C04-R4,ip_2e68927729db,dev_2a30f31c29f9
ACT-00000314,ASSET-0000347,ACCT-000243,2026-04-07 18:56:03,C09,C09-R5,ip_6689422fabfb,dev_fac93da4d0c2
ACT-00000315,ASSET-0000348,ACCT-000254,2026-04-10 05:09:29,C02,C02-R1,ip_604c4fc0f682,dev_262b4fe8703c
ACT-00000316,ASSET-0000349,ACCT-000254,2026-05-07 05:09:29,C02,C02-R3,ip_27e9528734e3,dev_262b4fe8703c
ACT-00000317,ASSET-0000350,ACCT-000297,2025-06-27 03:31:17,C03,C03-R1,ip_32b8693d8878,dev_65cd0601f80b
ACT-00000318,ASSET-0000351,ACCT-000293,2025-12-27 20:32:37,C08,C08-R6,ip_f020fecaf822,dev_6d604b03ebd7
ACT-00000319,ASSET-0000352,ACCT-000126,2025-08-12 07:54:33,C09,C09-R5,ip_115f6c43b834,dev_b73c809f6207
ACT-00000320,ASSET-0000353,ACCT-000341,2026-04-27 19:35:15,C07,C07-R3,ip_ab3443fcfaef,dev_fa863eb3d3b0
ACT-00000321,ASSET-0000353,ACCT-000166,2026-05-15 18:00:00,C07,C07-R5,ip_5bff16e3e711,dev_961ccc64ec03
ACT-00000322,ASSET-0000354,ACCT-000184,2026-02-12 05:43:38,C03,C03-R4,ip_f8f94a45fc25,dev_88cdd94b075b
ACT-00000323,ASSET-0000355,ACCT-000285,2025-11-07 20:52:48,C03,C03-R2,ip_785beb0956fa,dev_836d834cf1c2
ACT-00000324,ASSET-0000356,ACCT-000285,2026-01-21 07:29:49,C03,C03-R5,ip_4b56c4a7643c,dev_836d834cf1c2
ACT-00000325,ASSET-0000357,ACCT-000028,2026-04-16 13:06:59,C08,C08-R1,ip_73668934b93a,dev_c74bc854314c
ACT-00000326,ASSET-0000358,ACCT-000028,2026-04-20 13:06:59,C08,C08-R2,ip_e4707e95163d,dev_c74bc854314c
ACT-00000327,ASSET-0000359,ACCT-000028,2026-05-05 13:16:59,C03,C03-R3,ip_c23cc6430156,dev_c74bc854314c
ACT-00000328,ASSET-0000360,ACCT-000028,2026-05-11 13:16:59,C03,C03-R1,ip_52e3ac12fafb,dev_c74bc854314c
ACT-00000329,ASSET-0000361,ACCT-000028,2026-04-30 13:16:59,C03,C03-R4,ip_eb585f8bbb23,dev_c74bc854314c
ACT-00000330,ASSET-0000362,ACCT-000028,2026-04-16 19:14:59,C02,C02-R2,ip_4437317c368b,dev_c74bc854314c
ACT-00000331,ASSET-0000363,ACCT-000028,2026-04-23 19:14:59,C05,C05-R1,ip_64b3e1e41d8d,dev_c74bc854314c
ACT-00000332,ASSET-0000364,ACCT-000028,2026-05-14 04:31:59,C04,C04-R5,ip_1e75731e04e9,dev_c74bc854314c
ACT-00000333,ASSET-0000365,ACCT-000032,2026-05-15 18:00:00,C04,C04-R5,ip_f799267aa553,dev_86e1a0a4a6a7
ACT-00000334,ASSET-0000366,ACCT-000028,2026-05-15 18:00:00,C04,C04-R4,ip_cecd5da233c7,dev_c74bc854314c
ACT-00000335,ASSET-0000367,ACCT-000028,2026-05-06 06:10:59,C05,C05-R6,ip_eb6b3bfb267c,dev_c74bc854314c
ACT-00000336,ASSET-0000368,ACCT-000028,2026-05-06 06:10:59,C03,C03-R5,ip_a8cd8ca5969e,dev_c74bc854314c
ACT-00000337,ASSET-0000369,ACCT-000028,2026-04-24 06:10:59,C03,C03-R4,ip_5abd1898583d,dev_c74bc854314c
ACT-00000338,ASSET-0000370,ACCT-000052,2026-01-08 22:14:07,C06,C06-R4,ip_8ad8207535c3,dev_4a2d4598de0f
ACT-00000339,ASSET-0000371,ACCT-000207,2026-01-12 18:08:36,C01,C01-R6,ip_e963012731a2,dev_5f712a00a490
ACT-00000340,ASSET-0000373,ACCT-000070,2025-09-06 09:38:00,C04,C04-R3,ip_2ac116ae2beb,dev_851334feaf46
ACT-00000341,ASSET-0000374,ACCT-000070,2025-10-30 00:36:12,C04,C04-R4,ip_636c917209a9,dev_851334feaf46
ACT-00000342,ASSET-0000375,ACCT-000116,2026-01-04 13:22:11,C04,C04-R5,ip_9ce81ef822c8,dev_13679fd50436
ACT-00000343,ASSET-0000376,ACCT-000082,2026-02-17 03:18:21,C04,C04-R3,ip_a6b4e0ec86de,dev_a512ba1b3b74
ACT-00000344,ASSET-0000377,ACCT-000082,2026-04-23 14:56:55,C04,C04-R5,ip_f6975d620db6,dev_a512ba1b3b74
ACT-00000345,ASSET-0000378,ACCT-000341,2025-05-29 19:34:21,C07,C07-R5,ip_2c910c997bfa,dev_fa863eb3d3b0
ACT-00000346,ASSET-0000379,ACCT-000318,2026-01-14 08:49:41,C01,C01-R4,ip_d4bad49d70c5,dev_6f165713de97
ACT-00000347,ASSET-0000381,ACCT-000208,2026-05-14 22:51:32,C02,C02-R6,ip_a55cb22e5442,dev_1708e6ccd695
ACT-00000348,ASSET-0000382,ACCT-000311,2026-03-20 23:49:28,C03,C03-R5,ip_11f7d32759cd,dev_fca2ac2d30b9
ACT-00000349,ASSET-0000383,ACCT-000311,2026-05-15 18:00:00,C07,C07-R5,ip_3ff8db6966e2,dev_fca2ac2d30b9
ACT-00000350,ASSET-0000384,ACCT-000172,2026-02-17 19:09:49,C03,C03-R6,ip_38ce02cf7fe6,dev_f34bce01f255
ACT-00000351,ASSET-0000385,ACCT-000264,2026-04-25 22:07:16,C08,C08-R3,ip_fd95c8cedea6,dev_56c30bccb9f4
ACT-00000352,ASSET-0000386,ACCT-000171,2026-05-15 18:00:00,C03,C03-R2,ip_49f4f79154fc,dev_76b7391abccb
ACT-00000353,ASSET-0000387,ACCT-000075,2025-08-28 05:09:28,C06,C06-R4,ip_86bd66fda2ee,dev_8229e3b99ebd
ACT-00000354,ASSET-0000388,ACCT-000075,2026-02-22 00:41:29,C06,C06-R1,ip_791ab5cad1cc,dev_8229e3b99ebd
ACT-00000355,ASSET-0000389,ACCT-000231,2026-01-16 15:28:25,C08,C08-R3,ip_aab6f03861d9,dev_1ea66a802a0c
ACT-00000356,ASSET-0000390,ACCT-000231,2026-01-26 11:22:13,C01,C01-R2,ip_b1cb065484fc,dev_1ea66a802a0c
ACT-00000357,ASSET-0000391,ACCT-000282,2026-01-24 09:29:19,C04,C04-R4,ip_3abceb7a2ecd,dev_b49a4f41eb32
ACT-00000358,ASSET-0000392,ACCT-000201,2026-02-28 23:09:54,C04,C04-R3,ip_a9a36f1f3952,dev_28ccfc1041a5
ACT-00000359,ASSET-0000394,ACCT-000170,2026-02-04 03:21:59,C05,C05-R2,ip_cd0bc3ac19f6,dev_69b4500de6a7
ACT-00000360,ASSET-0000395,ACCT-000170,2026-03-09 01:24:23,C04,C04-R2,ip_056be6e1dd90,dev_69b4500de6a7
ACT-00000361,ASSET-0000396,ACCT-000112,2026-02-14 14:25:37,C05,C05-R3,ip_0f8e89281766,dev_f073e1e02cba
ACT-00000362,ASSET-0000397,ACCT-000228,2026-02-26 00:38:59,C06,C06-R5,ip_23171de50bfb,dev_6087d30cb6e7
ACT-00000363,ASSET-0000399,ACCT-000146,2026-04-04 07:09:43,C05,C05-R6,ip_7302a60ada0f,dev_e9ee8c67f5da
ACT-00000364,ASSET-0000400,ACCT-000152,2025-03-01 00:52:37,C07,C07-R3,ip_ec35237a107b,dev_753be371c280
ACT-00000365,ASSET-0000401,ACCT-000020,2026-02-02 16:24:00,C03,C03-R6,ip_1314c9b6b4b8,dev_9bcf3cf73595
ACT-00000366,ASSET-0000403,ACCT-000259,2026-04-23 12:46:12,C06,C06-R6,ip_0003ce59d91b,dev_68fb291d4968
ACT-00000367,ASSET-0000404,ACCT-000259,2026-04-16 12:46:12,C03,C03-R5,ip_ecc9b9623dc6,dev_68fb291d4968
ACT-00000368,ASSET-0000405,ACCT-000287,2026-02-24 07:21:15,C04,C04-R4,ip_23142766c2de,dev_521804746d84
ACT-00000369,ASSET-0000406,ACCT-000287,2026-02-14 12:19:09,C04,C04-R4,ip_ac3bd1f5b7b0,dev_521804746d84
ACT-00000370,ASSET-0000407,ACCT-000287,2026-03-05 12:19:09,C04,C04-R2,ip_70d0889cc3ad,dev_521804746d84
ACT-00000371,ASSET-0000408,ACCT-000183,2025-06-03 15:34:29,C04,C04-R2,ip_0571421e1ca8,dev_21425d506ce5
ACT-00000372,ASSET-0000409,ACCT-000037,2025-06-28 17:34:50,C04,C04-R6,ip_1b50c61615f4,dev_53974cb2ed11
ACT-00000373,ASSET-0000410,ACCT-000130,2026-01-23 15:50:44,C06,C06-R2,ip_6b8a38c81fca,dev_96d70cf07420
ACT-00000374,ASSET-0000411,ACCT-000358,2026-03-01 21:50:44,C03,C03-R2,ip_adfe68d89dab,dev_a17aa3d28a22
ACT-00000375,ASSET-0000412,ACCT-000130,2026-02-11 00:29:56,C01,C01-R2,ip_4d7d12e62028,dev_96d70cf07420
ACT-00000376,ASSET-0000414,ACCT-000025,2025-06-01 03:08:49,C01,C01-R3,ip_377e3d99c0e4,dev_e661e1f3ab60
ACT-00000377,ASSET-0000415,ACCT-000025,2025-05-23 08:08:49,C07,C07-R4,ip_fb416fbe50ff,dev_e661e1f3ab60
ACT-00000378,ASSET-0000416,ACCT-000025,2025-05-22 08:08:49,C07,C07-R1,ip_8c092134cca1,dev_e661e1f3ab60
ACT-00000379,ASSET-0000417,ACCT-000025,2025-06-06 08:08:49,C07,C07-R3,ip_5ce2c6807a9f,dev_e661e1f3ab60
ACT-00000380,ASSET-0000418,ACCT-000025,2025-06-19 09:28:49,C01,C01-R3,ip_9eba9eec1373,dev_e661e1f3ab60
ACT-00000381,ASSET-0000419,ACCT-000025,2025-06-17 09:28:49,C01,C01-R1,ip_75c335930176,dev_e661e1f3ab60
ACT-00000382,ASSET-0000420,ACCT-000025,2025-06-04 09:28:49,C04,C04-R6,ip_e78cf0d418e1,dev_e661e1f3ab60
ACT-00000383,ASSET-0000421,ACCT-000025,2025-06-22 10:21:49,C01,C01-R6,ip_0e2a71531c85,dev_e661e1f3ab60
ACT-00000384,ASSET-0000422,ACCT-000025,2025-06-02 10:21:49,C01,C01-R2,ip_899000cb2049,dev_e661e1f3ab60
ACT-00000385,ASSET-0000423,ACCT-000025,2025-06-20 10:21:49,C01,C01-R2,ip_2f27b8e5874a,dev_e661e1f3ab60
ACT-00000386,ASSET-0000424,ACCT-000025,2025-06-21 10:49:49,C07,C07-R4,ip_86f7de6af326,dev_e661e1f3ab60
ACT-00000387,ASSET-0000425,ACCT-000025,2025-06-23 10:49:49,C01,C01-R2,ip_88344c7857ac,dev_e661e1f3ab60
ACT-00000388,ASSET-0000426,ACCT-000025,2025-06-18 10:49:49,C01,C01-R3,ip_9b5dea03e1a7,dev_e661e1f3ab60
ACT-00000389,ASSET-0000427,ACCT-000149,2026-02-18 23:35:07,C01,C01-R2,ip_c6079d53e120,dev_ce3ee3e45550
ACT-00000390,ASSET-0000428,ACCT-000022,2025-08-14 20:12:41,C02,C02-R5,ip_e4431a111d59,dev_cf2b3b402326
ACT-00000391,ASSET-0000429,ACCT-000022,2025-07-29 20:12:41,C02,C02-R2,ip_5191c1e6c200,dev_cf2b3b402326
ACT-00000392,ASSET-0000431,ACCT-000192,2026-04-06 07:11:13,C02,C02-R6,ip_9ccbcdf31a91,dev_c7358770dcc3
ACT-00000393,ASSET-0000432,ACCT-000118,2026-04-16 05:29:04,C04,C04-R4,ip_f00993c869e5,dev_18cf0e19dc0a
ACT-00000394,ASSET-0000433,ACCT-000118,2026-04-02 05:29:04,C04,C04-R3,ip_40028a846da1,dev_18cf0e19dc0a
ACT-00000395,ASSET-0000434,ACCT-000118,2026-04-22 05:29:04,C04,C04-R2,ip_e7aefaf1b979,dev_18cf0e19dc0a
ACT-00000396,ASSET-0000435,ACCT-000118,2026-04-09 19:33:23,C01,C01-R2,ip_268eeb16c680,dev_18cf0e19dc0a
ACT-00000397,ASSET-0000436,ACCT-000096,2025-10-02 07:41:24,C07,C07-R4,ip_42c4d09dca2f,dev_c516c3045bca
ACT-00000398,ASSET-0000437,ACCT-000180,2025-04-26 01:00:16,C03,C03-R1,ip_f3e50c119a7f,dev_2186241dc439
ACT-00000399,ASSET-0000439,ACCT-000180,2025-06-24 06:16:10,C06,C06-R2,ip_336f5da26338,dev_2186241dc439
ACT-00000400,ASSET-0000440,ACCT-000106,2026-02-25 21:27:09,C05,C05-R5,ip_65774fd0295c,dev_99e3a3647845
ACT-00000401,ASSET-0000441,ACCT-000106,2026-03-19 21:27:09,C05,C05-R1,ip_3a47c5886844,dev_99e3a3647845
ACT-00000402,ASSET-0000442,ACCT-000299,2026-05-15 18:00:00,C05,C05-R1,ip_78e84c475521,dev_8cb7b0e3d167
ACT-00000403,ASSET-0000443,ACCT-000106,2026-03-02 18:49:31,C09,C09-R1,ip_846f1a339b47,dev_99e3a3647845
ACT-00000404,ASSET-0000444,ACCT-000106,2026-03-12 18:49:31,C08,C08-R2,ip_65f0d7c78058,dev_99e3a3647845
ACT-00000405,ASSET-0000445,ACCT-000106,2026-03-27 18:49:31,C05,C05-R6,ip_3e537154140b,dev_99e3a3647845
ACT-00000406,ASSET-0000446,ACCT-000106,2026-04-28 13:18:14,C05,C05-R6,ip_f2d35ecb6cb1,dev_99e3a3647845
ACT-00000407,ASSET-0000448,ACCT-000217,2026-03-23 15:41:49,C02,C02-R5,ip_a32e7b45c12b,dev_9f21e4dca681
ACT-00000408,ASSET-0000450,ACCT-000217,2026-05-02 12:33:48,C07,C07-R2,ip_88cd9a2a2fee,dev_9f21e4dca681
ACT-00000409,ASSET-0000451,ACCT-000277,2025-11-06 06:17:23,C05,C05-R6,ip_1b414939ab06,dev_e2801e9f9af5
ACT-00000410,ASSET-0000452,ACCT-000277,2025-12-04 06:17:23,C05,C05-R3,ip_94e7912487ee,dev_e2801e9f9af5
ACT-00000411,ASSET-0000454,ACCT-000072,2026-05-15 18:00:00,C03,C03-R5,ip_5ae635153c63,dev_5e8ae30e1396
ACT-00000412,ASSET-0000455,ACCT-000183,2025-11-17 20:59:36,C08,C08-R2,ip_1784d304d019,dev_21425d506ce5
ACT-00000413,ASSET-0000456,ACCT-000183,2025-12-08 18:25:35,C03,C03-R4,ip_2010df6b1db8,dev_21425d506ce5
ACT-00000414,ASSET-0000457,ACCT-000018,2025-09-27 09:38:18,C10,C10-R6,ip_2123e33efcb1,dev_48e295ce6f12
ACT-00000415,ASSET-0000458,ACCT-000153,2026-04-08 01:34:33,C08,C08-R3,ip_9507efc9ffb7,dev_0d57552197a0
ACT-00000416,ASSET-0000459,ACCT-000311,2026-04-08 19:34:33,C10,C10-R4,ip_ca9e09f4b0aa,dev_fca2ac2d30b9
ACT-00000417,ASSET-0000460,ACCT-000282,2026-03-14 19:25:53,C08,C08-R3,ip_611a2d0d2880,dev_b49a4f41eb32
ACT-00000418,ASSET-0000461,ACCT-000108,2026-01-15 09:31:37,C03,C03-R4,ip_88b78465540b,dev_e19af19c85a5
ACT-00000419,ASSET-0000462,ACCT-000331,2026-02-24 01:42:30,C05,C05-R1,ip_45115710a7d0,dev_2b6c3d9cb70e
ACT-00000420,ASSET-0000463,ACCT-000331,2026-02-09 00:27:36,C06,C06-R5,ip_5445f0e3e280,dev_2b6c3d9cb70e
ACT-00000421,ASSET-0000464,ACCT-000331,2026-03-21 06:38:39,C06,C06-R6,ip_ada113e14697,dev_2b6c3d9cb70e
ACT-00000422,ASSET-0000465,ACCT-000331,2026-04-17 10:12:25,C06,C06-R4,ip_5b9706089340,dev_2b6c3d9cb70e
ACT-00000423,ASSET-0000466,ACCT-000136,2026-05-10 00:48:10,C02,C02-R2,ip_3b456a3bb086,dev_b97359f10668
ACT-00000424,ASSET-0000467,ACCT-000309,2026-02-03 21:43:37,C07,C07-R1,ip_e55f82189972,dev_91b5ad4b6c27
ACT-00000425,ASSET-0000468,ACCT-000309,2026-02-02 21:43:37,C07,C07-R1,ip_66b738af32b2,dev_91b5ad4b6c27
ACT-00000426,ASSET-0000469,ACCT-000309,2026-02-08 21:43:37,C07,C07-R6,ip_4a1dcbf8c2cc,dev_91b5ad4b6c27
ACT-00000427,ASSET-0000470,ACCT-000281,2026-04-25 12:24:31,C01,C01-R3,ip_b016c74f4173,dev_b8ea5df500e4
ACT-00000428,ASSET-0000471,ACCT-000281,2026-05-15 18:00:00,C01,C01-R4,ip_1c2c748c934e,dev_b8ea5df500e4
ACT-00000429,ASSET-0000472,ACCT-000281,2026-05-12 23:39:05,C01,C01-R1,ip_31c9039989c7,dev_b8ea5df500e4
ACT-00000430,ASSET-0000474,ACCT-000079,2026-02-01 13:23:30,C03,C03-R6,ip_47d161e6176c,dev_26f49ca7aeab
ACT-00000431,ASSET-0000475,ACCT-000298,2026-04-02 09:39:54,C06,C06-R3,ip_dd8f9e3c79b6,dev_87a270369490
ACT-00000432,ASSET-0000477,ACCT-000305,2026-01-21 00:39:47,C01,C01-R6,ip_93b1322af543,dev_5df64dc50325
ACT-00000433,ASSET-0000478,ACCT-000305,2026-01-05 00:39:47,C01,C01-R5,ip_8fcbb701f500,dev_5df64dc50325
ACT-00000434,ASSET-0000479,ACCT-000305,2026-01-30 00:39:47,C01,C01-R3,ip_d09bc33d07b8,dev_5df64dc50325
ACT-00000435,ASSET-0000480,ACCT-000305,2026-04-03 06:19:32,C03,C03-R2,ip_9ba7fabf8aae,dev_5df64dc50325
ACT-00000436,ASSET-0000482,ACCT-000218,2025-08-17 15:45:22,C07,C07-R2,ip_b5b207b08d1c,dev_264fba39a896
ACT-00000437,ASSET-0000483,ACCT-000001,2026-03-04 15:32:17,C01,C01-R4,ip_060d067baac0,dev_cb0d1acc5dcc
ACT-00000438,ASSET-0000484,ACCT-000313,2025-12-10 07:12:25,C03,C03-R2,ip_fbef18497d63,dev_a8d358253c27
ACT-00000439,ASSET-0000485,ACCT-000244,2026-05-09 17:26:31,C04,C04-R4,ip_9ebf17b7a0ab,dev_752e2246adc0
ACT-00000440,ASSET-0000487,ACCT-000225,2025-08-29 08:20:40,C03,C03-R3,ip_025edf062ebe,dev_b3f1670541bf
ACT-00000441,ASSET-0000488,ACCT-000225,2025-11-15 22:46:54,C08,C08-R3,ip_effc76d9c536,dev_b3f1670541bf
ACT-00000442,ASSET-0000490,ACCT-000163,2025-11-29 17:29:26,C03,C03-R5,ip_e7ac3687a1cb,dev_e5f0d16d6b57
ACT-00000443,ASSET-0000491,ACCT-000089,2026-02-19 23:13:28,C06,C06-R6,ip_259e0b9879a0,dev_60fa7d1152db
ACT-00000444,ASSET-0000492,ACCT-000089,2026-03-28 23:33:49,C08,C08-R2,ip_3aefcc664914,dev_60fa7d1152db
ACT-00000445,ASSET-0000493,ACCT-000089,2026-04-23 04:52:01,C06,C06-R1,ip_5e1eb12ec886,dev_60fa7d1152db
ACT-00000446,ASSET-0000494,ACCT-000089,2026-04-29 04:27:57,C06,C06-R2,ip_2a24df736f3e,dev_60fa7d1152db
ACT-00000447,ASSET-0000495,ACCT-000286,2025-04-15 05:31:04,C06,C06-R1,ip_bb018e56088b,dev_2d81b4ba36da
ACT-00000448,ASSET-0000497,ACCT-000307,2026-02-18 17:32:42,C07,C07-R5,ip_a274cdf89716,dev_8c6eef05a1c4
ACT-00000449,ASSET-0000498,ACCT-000307,2026-02-04 17:32:42,C07,C07-R2,ip_00f58412c3c0,dev_8c6eef05a1c4
ACT-00000450,ASSET-0000499,ACCT-000307,2026-04-09 17:42:39,C02,C02-R2,ip_838663170a4b,dev_8c6eef05a1c4
ACT-00000451,ASSET-0000500,ACCT-000302,2025-11-17 03:26:24,C03,C03-R1,ip_e7a6a33f6244,dev_f59d13591452
ACT-00000452,ASSET-0000501,ACCT-000302,2026-02-10 23:58:40,C10,C10-R1,ip_42bc723c0e74,dev_f59d13591452
ACT-00000453,ASSET-0000502,ACCT-000302,2026-04-25 12:53:58,C01,C01-R4,ip_235b57662ca5,dev_f59d13591452
ACT-00000454,ASSET-0000503,ACCT-000302,2026-04-14 12:53:58,C01,C01-R1,ip_2ec23d83cc66,dev_f59d13591452
ACT-00000455,ASSET-0000504,ACCT-000302,2026-04-29 12:53:58,C01,C01-R1,ip_46f2c3a50403,dev_f59d13591452
ACT-00000456,ASSET-0000505,ACCT-000105,2025-02-25 20:36:58,C05,C05-R3,ip_08467f8cba44,dev_ad975c5b11d5
ACT-00000457,ASSET-0000506,ACCT-000105,2025-08-06 06:44:18,C04,C04-R6,ip_10345c5e49f2,dev_ad975c5b11d5
ACT-00000458,ASSET-0000507,ACCT-000105,2026-01-01 23:35:20,C03,C03-R6,ip_3cc119f2529e,dev_ad975c5b11d5
ACT-00000459,ASSET-0000509,ACCT-000274,2025-08-27 07:42:34,C07,C07-R4,ip_95b332cb542d,dev_0c2b45a2be1e
ACT-00000460,ASSET-0000510,ACCT-000004,2026-03-07 01:27:02,C03,C03-R5,ip_a4ac3eabdd65,dev_28dc6ace34b5
ACT-00000461,ASSET-0000511,ACCT-000004,2026-02-15 01:27:02,C03,C03-R1,ip_e3ee65c2bb47,dev_28dc6ace34b5
ACT-00000462,ASSET-0000514,ACCT-000078,2026-04-23 10:07:44,C04,C04-R2,ip_01832e2586b8,dev_658f8a5f5544
ACT-00000463,ASSET-0000515,ACCT-000078,2026-05-01 12:57:05,C04,C04-R5,ip_46989d0166e0,dev_658f8a5f5544
ACT-00000464,ASSET-0000516,ACCT-000301,2026-01-28 21:47:08,C04,C04-R4,ip_4fca69c67ca5,dev_fdfb5784657c
ACT-00000465,ASSET-0000517,ACCT-000301,2026-02-25 01:11:49,C03,C03-R6,ip_55970af3eb42,dev_fdfb5784657c
ACT-00000466,ASSET-0000518,ACCT-000301,2026-03-06 01:11:49,C04,C04-R5,ip_5b70a4d5f564,dev_fdfb5784657c
ACT-00000467,ASSET-0000519,ACCT-000101,2025-06-06 11:05:27,C08,C08-R3,ip_6b6f42264d95,dev_b26d483861d1
ACT-00000468,ASSET-0000521,ACCT-000238,2026-04-02 20:42:40,C08,C08-R4,ip_12f6ebc89c23,dev_3ba28a6bd41f
ACT-00000469,ASSET-0000522,ACCT-000125,2025-11-26 22:49:29,C02,C02-R4,ip_bb9e3ab68bcf,dev_500986068dfa
ACT-00000470,ASSET-0000523,ACCT-000125,2025-12-08 22:49:29,C02,C02-R6,ip_97f885593866,dev_500986068dfa
ACT-00000471,ASSET-0000524,ACCT-000125,2026-01-03 10:21:49,C02,C02-R6,ip_39b85bbad5f0,dev_500986068dfa
ACT-00000472,ASSET-0000525,ACCT-000156,2025-12-26 19:10:34,C02,C02-R2,ip_f61757bc08d0,dev_488fc075513d
ACT-00000473,ASSET-0000526,ACCT-000156,2026-01-13 19:10:34,C02,C02-R6,ip_d87fd037ab3e,dev_488fc075513d
ACT-00000474,ASSET-0000527,ACCT-000156,2026-01-06 19:10:34,C02,C02-R2,ip_bc96a0531bbb,dev_488fc075513d
ACT-00000475,ASSET-0000528,ACCT-000150,2025-10-02 19:53:38,C08,C08-R4,ip_432d09319146,dev_90d2599b7553
ACT-00000476,ASSET-0000529,ACCT-000150,2026-03-18 01:46:03,C08,C08-R2,ip_e650bf77d94d,dev_90d2599b7553
ACT-00000477,ASSET-0000530,ACCT-000150,2026-03-28 01:46:03,C08,C08-R4,ip_cca1d6c25177,dev_90d2599b7553
ACT-00000478,ASSET-0000531,ACCT-000150,2026-04-28 07:50:37,C08,C08-R3,ip_51345a5ece7a,dev_90d2599b7553
ACT-00000479,ASSET-0000532,ACCT-000351,2026-02-16 12:46:21,C02,C02-R1,ip_60122d786249,dev_513e167bd56d
ACT-00000480,ASSET-0000533,ACCT-000005,2025-06-26 07:55:29,C02,C02-R4,ip_875f5b198b6f,dev_fe7ef2baf72d
ACT-00000481,ASSET-0000534,ACCT-000005,2025-10-21 18:49:25,C02,C02-R3,ip_78468c9d6e5d,dev_fe7ef2baf72d
ACT-00000482,ASSET-0000535,ACCT-000005,2025-11-11 18:49:25,C02,C02-R2,ip_15768c34e6d2,dev_fe7ef2baf72d
ACT-00000483,ASSET-0000536,ACCT-000005,2026-03-27 18:25:50,C06,C06-R1,ip_5d6b082fd073,dev_fe7ef2baf72d
ACT-00000484,ASSET-0000539,ACCT-000319,2025-07-05 23:11:39,C09,C09-R1,ip_2469aacdc8f0,dev_fcc1dd9036f0
ACT-00000485,ASSET-0000540,ACCT-000319,2025-07-25 22:12:23,C06,C06-R4,ip_969b737c77a3,dev_fcc1dd9036f0
ACT-00000486,ASSET-0000542,ACCT-000356,2025-03-29 07:55:03,C07,C07-R1,ip_5ff80c43cf92,dev_409d65da78d7
ACT-00000487,ASSET-0000544,ACCT-000356,2025-04-28 08:08:31,C07,C07-R2,ip_aae8e33e531b,dev_409d65da78d7
ACT-00000488,ASSET-0000545,ACCT-000082,2026-05-07 01:32:40,C05,C05-R4,ip_2d7b8b667775,dev_a512ba1b3b74
ACT-00000489,ASSET-0000546,ACCT-000160,2026-03-15 16:26:24,C06,C06-R2,ip_4cca3f149d4c,dev_2ee2af294a6a
ACT-00000490,ASSET-0000548,ACCT-000239,2026-03-01 20:39:17,C08,C08-R4,ip_2d7126768502,dev_a8181871f7e1
ACT-00000491,ASSET-0000549,ACCT-000179,2025-08-28 00:41:19,C09,C09-R1,ip_9c3677b583f1,dev_930e4a401618
ACT-00000492,ASSET-0000549,ACCT-000058,2025-10-10 00:41:19,C07,C07-R1,ip_1042cb2125d6,dev_4a2d4598de0f
ACT-00000493,ASSET-0000550,ACCT-000089,2025-10-22 13:47:17,C08,C08-R2,ip_bfc54615eb89,dev_60fa7d1152db
ACT-00000494,ASSET-0000550,ACCT-000338,2025-11-02 13:47:17,C07,C07-R1,ip_0b2411c97839,dev_cc78a1f3b0bc
ACT-00000495,ASSET-0000551,ACCT-000350,2025-10-15 04:47:17,C09,C09-R5,ip_b08d908e0cff,dev_5ee11479d633
ACT-00000496,ASSET-0000551,ACCT-000095,2025-12-29 04:47:17,C08,C08-R3,ip_f47bdf9f60e9,dev_09cd94e0570b
ACT-00000497,ASSET-0000552,ACCT-000275,2026-01-18 16:54:51,C08,C08-R4,ip_0731f776e789,dev_a939248b244e
ACT-00000498,ASSET-0000553,ACCT-000091,2026-01-24 07:54:51,C10,C10-R6,ip_c9daf7f33409,dev_08240a4fa283
ACT-00000499,ASSET-0000555,ACCT-000206,2026-05-14 22:49:25,C08,C08-R1,ip_960a199b709f,dev_d02729fee711
ACT-00000500,ASSET-0000556,ACCT-000206,2026-05-15 18:00:00,C08,C08-R2,ip_e89194cb1a24,dev_d02729fee711
ACT-00000501,ASSET-0000557,ACCT-000300,2026-02-02 10:33:04,C07,C07-R3,ip_8f20e75d4a1b,dev_8a69c424cea3
ACT-00000502,ASSET-0000558,ACCT-000347,2025-05-16 17:48:01,C08,C08-R1,ip_1fdc8aeb8d8e,dev_0c8d046de0f6
ACT-00000503,ASSET-0000559,ACCT-000352,2025-12-27 16:29:39,C08,C08-R3,ip_03dc06816369,dev_0a7b6a00e218
ACT-00000504,ASSET-0000560,ACCT-000352,2026-03-27 13:29:34,C02,C02-R1,ip_d7455cc58100,dev_0a7b6a00e218
ACT-00000505,ASSET-0000562,ACCT-000295,2025-09-19 20:59:58,C02,C02-R3,ip_29172f651629,dev_9ace3607d332
ACT-00000506,ASSET-0000563,ACCT-000295,2025-10-11 20:59:58,C04,C04-R2,ip_5c7439a92e9d,dev_9ace3607d332
ACT-00000507,ASSET-0000564,ACCT-000295,2025-10-07 20:59:58,C04,C04-R4,ip_6f6a3096eeb1,dev_9ace3607d332
ACT-00000508,ASSET-0000565,ACCT-000027,2026-04-18 12:49:15,C02,C02-R4,ip_89afaa0b71aa,dev_8d61bb5e8b32
ACT-00000509,ASSET-0000566,ACCT-000027,2026-05-01 12:49:15,C02,C02-R5,ip_e3b5a59c2498,dev_8d61bb5e8b32
ACT-00000510,ASSET-0000567,ACCT-000027,2026-04-27 12:49:15,C02,C02-R2,ip_a9aa8a47fb78,dev_8d61bb5e8b32
ACT-00000511,ASSET-0000568,ACCT-000027,2026-05-15 18:00:00,C02,C02-R4,ip_a364896bba35,dev_8d61bb5e8b32
ACT-00000512,ASSET-0000569,ACCT-000027,2026-04-24 14:06:15,C01,C01-R4,ip_2be009c76bc1,dev_8d61bb5e8b32
ACT-00000513,ASSET-0000570,ACCT-000027,2026-05-15 18:00:00,C01,C01-R5,ip_e453a21e09c3,dev_8d61bb5e8b32
ACT-00000514,ASSET-0000571,ACCT-000027,2026-04-27 14:06:15,C01,C01-R3,ip_491d7505ba31,dev_8d61bb5e8b32
ACT-00000515,ASSET-0000572,ACCT-000027,2026-04-24 14:06:15,C01,C01-R4,ip_5858a0f76d8c,dev_8d61bb5e8b32
ACT-00000516,ASSET-0000573,ACCT-000027,2026-04-21 21:22:15,C04,C04-R1,ip_ade365c1bb6e,dev_8d61bb5e8b32
ACT-00000517,ASSET-0000574,ACCT-000027,2026-05-03 21:22:15,C01,C01-R2,ip_9e015259ecd3,dev_8d61bb5e8b32
ACT-00000518,ASSET-0000575,ACCT-000027,2026-04-24 21:22:15,C01,C01-R6,ip_c36f833f099b,dev_8d61bb5e8b32
ACT-00000519,ASSET-0000576,ACCT-000027,2026-04-19 01:47:15,C01,C01-R6,ip_7a3f61878a89,dev_8d61bb5e8b32
ACT-00000520,ASSET-0000577,ACCT-000027,2026-05-04 01:47:15,C01,C01-R2,ip_e1d81e65f244,dev_8d61bb5e8b32
ACT-00000521,ASSET-0000579,ACCT-000027,2026-04-19 01:50:15,C10,C10-R1,ip_b5089b09a067,dev_8d61bb5e8b32
ACT-00000522,ASSET-0000580,ACCT-000027,2026-04-21 01:50:15,C01,C01-R3,ip_1fa120be8c3c,dev_8d61bb5e8b32
ACT-00000523,ASSET-0000581,ACCT-000027,2026-04-28 01:50:15,C01,C01-R6,ip_7704c637b223,dev_8d61bb5e8b32
ACT-00000524,ASSET-0000583,ACCT-000027,2026-05-15 18:00:00,C01,C01-R6,ip_098e2a376410,dev_8d61bb5e8b32
ACT-00000525,ASSET-0000584,ACCT-000027,2026-04-28 02:48:15,C01,C01-R5,ip_54ed2f897557,dev_8d61bb5e8b32
ACT-00000526,ASSET-0000585,ACCT-000027,2026-04-24 02:48:15,C02,C02-R3,ip_d9b94d32ee57,dev_8d61bb5e8b32
ACT-00000527,ASSET-0000587,ACCT-000027,2026-05-11 02:48:15,C01,C01-R4,ip_712366d76c39,dev_8d61bb5e8b32
ACT-00000528,ASSET-0000588,ACCT-000027,2026-05-15 18:00:00,C01,C01-R1,ip_4332199b21da,dev_8d61bb5e8b32
ACT-00000529,ASSET-0000589,ACCT-000027,2026-04-28 05:03:15,C01,C01-R3,ip_04defeb743ed,dev_8d61bb5e8b32
ACT-00000530,ASSET-0000590,ACCT-000027,2026-05-08 05:03:15,C01,C01-R3,ip_9383bc517cee,dev_8d61bb5e8b32
ACT-00000531,ASSET-0000591,ACCT-000027,2026-05-07 05:03:15,C01,C01-R4,ip_64b727ba04ae,dev_8d61bb5e8b32
ACT-00000532,ASSET-0000592,ACCT-000027,2026-04-19 05:03:15,C01,C01-R3,ip_b0ee7dbd39ff,dev_8d61bb5e8b32
ACT-00000533,ASSET-0000593,ACCT-000027,2026-04-24 05:03:15,C01,C01-R6,ip_0c17cce84e09,dev_8d61bb5e8b32
ACT-00000534,ASSET-0000594,ACCT-000258,2025-05-05 15:18:05,C10,C10-R3,ip_39fa12bba31d,dev_5d7fb0eca3a4
ACT-00000535,ASSET-0000595,ACCT-000345,2026-03-02 01:16:58,C02,C02-R6,ip_756048c88dd8,dev_5350ff7f0f07
ACT-00000536,ASSET-0000596,ACCT-000334,2025-10-07 14:08:49,C07,C07-R4,ip_1ec0a3d28496,dev_54abb37ed8e5
ACT-00000537,ASSET-0000598,ACCT-000321,2026-03-29 03:29:12,C04,C04-R4,ip_6d0f33e322da,dev_3991015ccda4
ACT-00000538,ASSET-0000599,ACCT-000321,2026-04-28 03:29:12,C04,C04-R1,ip_2e2cd32e1866,dev_3991015ccda4
ACT-00000539,ASSET-0000600,ACCT-000139,2026-02-28 11:52:41,C06,C06-R2,ip_222e4e2928a5,dev_7efbe0754120
ACT-00000540,ASSET-0000601,ACCT-000164,2026-04-09 11:44:41,C08,C08-R5,ip_4e03d0a663cb,dev_d08eab28f69e
ACT-00000541,ASSET-0000602,ACCT-000214,2025-10-13 14:16:36,C01,C01-R5,ip_9e5fac46f258,dev_9d574ac1e2c3
ACT-00000542,ASSET-0000603,ACCT-000214,2025-12-14 23:34:11,C01,C01-R5,ip_f87b4d74fcbf,dev_9d574ac1e2c3
ACT-00000543,ASSET-0000604,ACCT-000214,2026-03-21 20:32:22,C01,C01-R2,ip_a0280ca5ebde,dev_9d574ac1e2c3
ACT-00000544,ASSET-0000605,ACCT-000165,2026-05-15 18:00:00,C06,C06-R5,ip_a464c5519004,dev_25f8d91c75f1
ACT-00000545,ASSET-0000606,ACCT-000115,2025-07-31 10:21:46,C01,C01-R2,ip_b24b3128b167,dev_43745417e948
ACT-00000546,ASSET-0000607,ACCT-000115,2025-11-30 23:57:57,C01,C01-R6,ip_20985ba6d439,dev_43745417e948
ACT-00000547,ASSET-0000608,ACCT-000115,2025-11-20 23:57:57,C01,C01-R5,ip_fc4df812edad,dev_43745417e948
ACT-00000548,ASSET-0000609,ACCT-000215,2026-03-10 13:28:24,C06,C06-R6,ip_2ee41fd9b8d7,dev_ed2ae025db1a
ACT-00000549,ASSET-0000610,ACCT-000284,2025-04-11 10:39:09,C07,C07-R6,ip_248820c2a900,dev_78d32079d251
ACT-00000550,ASSET-0000611,ACCT-000284,2025-05-05 10:39:09,C10,C10-R5,ip_58b44f8e10fa,dev_78d32079d251
ACT-00000551,ASSET-0000612,ACCT-000284,2025-06-11 16:49:06,C05,C05-R6,ip_66a26fed019b,dev_78d32079d251
ACT-00000552,ASSET-0000613,ACCT-000077,2026-01-23 09:55:13,C01,C01-R3,ip_42671879b4ba,dev_355d8cf678b4
ACT-00000553,ASSET-0000614,ACCT-000197,2026-05-03 20:06:15,C02,C02-R5,ip_d34905558e06,dev_1bb4285f12ba
ACT-00000554,ASSET-0000615,ACCT-000187,2026-03-02 23:58:03,C09,C09-R3,ip_d0dc6199a469,dev_40d48489acc1
ACT-00000555,ASSET-0000616,ACCT-000187,2026-02-22 23:58:03,C05,C05-R6,ip_997a425ca8ef,dev_40d48489acc1
ACT-00000556,ASSET-0000617,ACCT-000187,2026-03-03 23:58:03,C01,C01-R2,ip_062ae74ef9fe,dev_40d48489acc1
ACT-00000557,ASSET-0000618,ACCT-000242,2025-10-20 07:38:58,C01,C01-R2,ip_c4b4d055da8a,dev_7c53605c80e0
ACT-00000558,ASSET-0000619,ACCT-000024,2026-03-21 22:41:21,C01,C01-R2,ip_d85d8496fb69,dev_08c19fdf0696
ACT-00000559,ASSET-0000620,ACCT-000024,2026-03-25 22:41:21,C06,C06-R3,ip_8d21d0b6acc6,dev_08c19fdf0696
ACT-00000560,ASSET-0000621,ACCT-000024,2026-03-21 22:41:21,C01,C01-R1,ip_83f6e9f78d1d,dev_08c19fdf0696
ACT-00000561,ASSET-0000622,ACCT-000024,2026-03-20 23:06:21,C04,C04-R2,ip_a954630a6020,dev_08c19fdf0696
ACT-00000562,ASSET-0000623,ACCT-000024,2026-04-17 23:06:21,C04,C04-R1,ip_f07573ba5b76,dev_08c19fdf0696
ACT-00000563,ASSET-0000624,ACCT-000024,2026-04-06 04:36:21,C04,C04-R3,ip_36b3e33c1db3,dev_08c19fdf0696
ACT-00000564,ASSET-0000625,ACCT-000024,2026-03-22 04:36:21,C04,C04-R5,ip_efecc23b78b5,dev_08c19fdf0696
ACT-00000565,ASSET-0000626,ACCT-000024,2026-03-27 04:36:21,C04,C04-R3,ip_9bcf29acfa68,dev_08c19fdf0696
ACT-00000566,ASSET-0000628,ACCT-000024,2026-04-05 09:02:21,C04,C04-R1,ip_d5e305e5088d,dev_08c19fdf0696
ACT-00000567,ASSET-0000629,ACCT-000024,2026-03-30 12:54:21,C04,C04-R6,ip_03b0c7d740e6,dev_08c19fdf0696
ACT-00000568,ASSET-0000631,ACCT-000024,2026-04-04 12:54:21,C04,C04-R1,ip_44f3fe979b37,dev_08c19fdf0696
ACT-00000569,ASSET-0000632,ACCT-000024,2026-04-15 12:54:21,C01,C01-R1,ip_2cfb68987bc0,dev_08c19fdf0696
ACT-00000570,ASSET-0000633,ACCT-000024,2026-04-06 12:54:21,C08,C08-R4,ip_3cb1edaf1134,dev_08c19fdf0696
ACT-00000571,ASSET-0000634,ACCT-000024,2026-04-05 13:49:21,C02,C02-R2,ip_377e686ba5a5,dev_08c19fdf0696
ACT-00000572,ASSET-0000635,ACCT-000024,2026-04-13 13:49:21,C04,C04-R3,ip_e9a15afbb8cd,dev_08c19fdf0696
ACT-00000573,ASSET-0000636,ACCT-000024,2026-03-19 13:49:21,C04,C04-R3,ip_3c64f44e1292,dev_08c19fdf0696
ACT-00000574,ASSET-0000637,ACCT-000024,2026-03-20 13:49:21,C04,C04-R3,ip_e14f3bae87b2,dev_08c19fdf0696
ACT-00000575,ASSET-0000638,ACCT-000357,2026-05-08 10:21:15,C05,C05-R3,ip_7c16746a3fa3,dev_93b6da43d7b6
ACT-00000576,ASSET-0000639,ACCT-000344,2025-12-16 06:05:53,C03,C03-R1,ip_3e245701014b,dev_5490c45ad7c3
ACT-00000577,ASSET-0000640,ACCT-000023,2025-04-17 11:11:19,C03,C03-R3,ip_0cf137e292cf,dev_f1f24a662090
ACT-00000578,ASSET-0000641,ACCT-000023,2025-04-14 11:11:19,C03,C03-R6,ip_e0e979de0d53,dev_f1f24a662090
ACT-00000579,ASSET-0000642,ACCT-000023,2025-04-09 11:11:19,C03,C03-R1,ip_a842aacd82b2,dev_f1f24a662090
ACT-00000580,ASSET-0000643,ACCT-000023,2025-03-23 11:11:19,C03,C03-R3,ip_bc8af01708ad,dev_f1f24a662090
ACT-00000581,ASSET-0000645,ACCT-000023,2025-04-05 12:06:19,C09,C09-R6,ip_d46021002df1,dev_f1f24a662090
ACT-00000582,ASSET-0000646,ACCT-000023,2025-04-24 12:06:19,C03,C03-R6,ip_0031c0d29cc1,dev_f1f24a662090
ACT-00000583,ASSET-0000647,ACCT-000023,2025-04-14 17:50:19,C03,C03-R1,ip_37be2f2384bb,dev_f1f24a662090
ACT-00000584,ASSET-0000648,ACCT-000023,2025-04-17 17:50:19,C03,C03-R5,ip_a19b89e74bca,dev_f1f24a662090
ACT-00000585,ASSET-0000649,ACCT-000023,2025-04-05 17:50:19,C03,C03-R5,ip_92030876465b,dev_f1f24a662090
ACT-00000586,ASSET-0000650,ACCT-000023,2025-04-17 17:50:19,C03,C03-R5,ip_821250d68345,dev_f1f24a662090
ACT-00000587,ASSET-0000651,ACCT-000023,2025-03-29 17:50:19,C03,C03-R2,ip_f84eda2ebcd9,dev_f1f24a662090
ACT-00000588,ASSET-0000652,ACCT-000023,2025-04-21 18:44:19,C03,C03-R1,ip_f5f8e3571a9a,dev_f1f24a662090
ACT-00000589,ASSET-0000653,ACCT-000023,2025-03-26 18:44:19,C07,C07-R4,ip_94fc7baa3486,dev_f1f24a662090
ACT-00000590,ASSET-0000654,ACCT-000023,2025-04-06 18:44:19,C03,C03-R3,ip_204dca905404,dev_f1f24a662090
ACT-00000591,ASSET-0000655,ACCT-000023,2025-04-19 22:02:19,C03,C03-R4,ip_7ed4160ff22d,dev_f1f24a662090
ACT-00000592,ASSET-0000656,ACCT-000023,2025-04-23 22:02:19,C10,C10-R5,ip_ecfbbf677a79,dev_f1f24a662090
ACT-00000593,ASSET-0000657,ACCT-000002,2026-01-30 06:03:34,C04,C04-R5,ip_e10269d14b90,dev_7a20757b8887
ACT-00000594,ASSET-0000658,ACCT-000261,2026-01-04 09:53:10,C04,C04-R1,ip_e6f8f4048adb,dev_e475ad94996d
ACT-00000595,ASSET-0000659,ACCT-000117,2026-03-28 09:08:51,C05,C05-R2,ip_12e0c68d79c1,dev_3a2af70c1d97
ACT-00000596,ASSET-0000660,ACCT-000354,2026-04-07 04:33:42,C01,C01-R4,ip_5e656f21d0a1,dev_5b7680e1e176
ACT-00000597,ASSET-0000662,ACCT-000294,2025-11-30 12:58:22,C07,C07-R4,ip_f583154d785d,dev_6608b6c8fe38
ACT-00000598,ASSET-0000664,ACCT-000053,2026-04-13 00:18:55,C06,C06-R2,ip_c754469fb161,dev_4a2d4598de0f
ACT-00000599,ASSET-0000665,ACCT-000131,2025-09-30 19:18:36,C05,C05-R6,ip_f028c06aeaab,dev_2396b1c1ea4f
ACT-00000600,ASSET-0000666,ACCT-000081,2026-01-27 18:34:03,C07,C07-R3,ip_20a1ce71281e,dev_ca34864e1500
ACT-00000601,ASSET-0000668,ACCT-000335,2025-09-16 11:11:41,C03,C03-R1,ip_1c87cc9146f2,dev_e2ba1c55184d
ACT-00000602,ASSET-0000669,ACCT-000335,2026-01-20 03:44:44,C03,C03-R3,ip_922d80046b92,dev_e2ba1c55184d
ACT-00000603,ASSET-0000670,ACCT-000291,2025-09-03 19:49:13,C01,C01-R6,ip_0bbc871b24b6,dev_30f1beba9a57
ACT-00000604,ASSET-0000671,ACCT-000291,2026-01-08 22:03:33,C01,C01-R2,ip_df846403bc0c,dev_30f1beba9a57
ACT-00000605,ASSET-0000672,ACCT-000256,2026-02-08 16:06:59,C01,C01-R5,ip_cdef5fe32d4d,dev_34909c78a782
ACT-00000606,ASSET-0000673,ACCT-000256,2026-03-25 22:37:35,C01,C01-R4,ip_c1faaed5b1a8,dev_34909c78a782
ACT-00000607,ASSET-0000674,ACCT-000350,2025-06-23 05:46:59,C05,C05-R4,ip_499b042f0192,dev_5ee11479d633
ACT-00000608,ASSET-0000675,ACCT-000350,2025-07-04 05:46:59,C05,C05-R3,ip_acb8ccef4d8a,dev_5ee11479d633
ACT-00000609,ASSET-0000676,ACCT-000350,2026-04-03 02:02:40,C08,C08-R6,ip_bd8319191a81,dev_5ee11479d633
ACT-00000610,ASSET-0000677,ACCT-000185,2025-07-14 13:05:50,C02,C02-R3,ip_7a889a30267d,dev_d0b58534f734
ACT-00000611,ASSET-0000678,ACCT-000185,2025-08-01 13:05:50,C02,C02-R1,ip_f544f02c5ebd,dev_d0b58534f734
ACT-00000612,ASSET-0000679,ACCT-000185,2025-08-13 13:05:50,C02,C02-R4,ip_10ef8d43c7d4,dev_d0b58534f734
ACT-00000613,ASSET-0000680,ACCT-000185,2025-07-27 13:05:50,C02,C02-R4,ip_38cbb663c394,dev_d0b58534f734
ACT-00000614,ASSET-0000681,ACCT-000262,2026-03-10 10:02:50,C01,C01-R6,ip_c165f56f7084,dev_6e99b05ddf39
ACT-00000615,ASSET-0000682,ACCT-000234,2025-11-27 20:21:45,C05,C05-R2,ip_080db1e5618c,dev_d5d2f1c6e670
ACT-00000616,ASSET-0000683,ACCT-000340,2025-10-08 13:55:59,C05,C05-R5,ip_48cbffa53e30,dev_d905f8351ae4
ACT-00000617,ASSET-0000684,ACCT-000219,2025-11-14 06:11:04,C08,C08-R2,ip_c0f991012089,dev_91ecce10a847
ACT-00000618,ASSET-0000684,ACCT-000114,2025-12-02 06:11:04,C09,C09-R6,ip_ed6fb4d8fb75,dev_20b631596f98
ACT-00000619,ASSET-0000685,ACCT-000261,2026-02-08 22:28:37,C10,C10-R3,ip_e4eab669de5f,dev_e475ad94996d
ACT-00000620,ASSET-0000686,ACCT-000322,2025-11-02 09:52:18,C08,C08-R2,ip_e7cea8c9e4ef,dev_116945fe3651
ACT-00000621,ASSET-0000687,ACCT-000322,2026-01-02 04:46:16,C07,C07-R2,ip_8acdd3ffe56a,dev_116945fe3651
ACT-00000622,ASSET-0000688,ACCT-000322,2026-01-20 22:34:34,C02,C02-R4,ip_d852e646d04d,dev_116945fe3651
ACT-00000623,ASSET-0000689,ACCT-000322,2026-02-18 22:34:34,C02,C02-R4,ip_d18592c015eb,dev_116945fe3651
ACT-00000624,ASSET-0000690,ACCT-000322,2026-02-08 22:34:34,C02,C02-R5,ip_63bacf266f1b,dev_116945fe3651
ACT-00000625,ASSET-0000691,ACCT-000135,2025-12-29 14:17:09,C05,C05-R3,ip_bdc50d4cce55,dev_aa19682620c4
ACT-00000626,ASSET-0000692,ACCT-000037,2026-03-14 14:28:18,C04,C04-R3,ip_9208cd2074ff,dev_53974cb2ed11
ACT-00000627,ASSET-0000694,ACCT-000269,2025-11-10 17:59:22,C05,C05-R4,ip_7c751bd71617,dev_ee3fe2797a25
ACT-00000628,ASSET-0000695,ACCT-000269,2025-11-02 17:59:22,C05,C05-R3,ip_0e64a5329335,dev_ee3fe2797a25
ACT-00000629,ASSET-0000696,ACCT-000269,2026-03-25 16:15:30,C07,C07-R4,ip_1cd1152387c3,dev_ee3fe2797a25
ACT-00000630,ASSET-0000697,ACCT-000140,2026-04-18 10:46:08,C07,C07-R1,ip_48ab7bd81061,dev_5f63ceda4522
ACT-00000631,ASSET-0000698,ACCT-000140,2026-03-24 10:46:08,C07,C07-R6,ip_07e4143aef82,dev_5f63ceda4522
ACT-00000632,ASSET-0000699,ACCT-000140,2026-03-18 18:51:29,C07,C07-R2,ip_ec1d80d14c99,dev_5f63ceda4522
ACT-00000633,ASSET-0000700,ACCT-000140,2026-04-01 18:51:29,C07,C07-R2,ip_3d5288a8fb23,dev_5f63ceda4522
ACT-00000634,ASSET-0000701,ACCT-000140,2026-04-10 18:51:29,C07,C07-R2,ip_994f5a6cd43c,dev_5f63ceda4522
ACT-00000635,ASSET-0000702,ACCT-000220,2026-01-08 02:06:21,C08,C08-R6,ip_f0509f31d59d,dev_1deb01830ebe
ACT-00000636,ASSET-0000703,ACCT-000172,2026-04-17 06:58:50,C03,C03-R3,ip_b71adab153f3,dev_f34bce01f255
ACT-00000637,ASSET-0000704,ACCT-000172,2026-04-22 06:58:50,C03,C03-R3,ip_05577877a27b,dev_f34bce01f255
ACT-00000638,ASSET-0000705,ACCT-000061,2026-03-17 07:10:53,C04,C04-R1,ip_a30a58525bd7,dev_afc1251e6dd0
ACT-00000639,ASSET-0000706,ACCT-000138,2025-06-29 10:39:19,C03,C03-R2,ip_20c0248e9acf,dev_f54908241938
ACT-00000640,ASSET-0000707,ACCT-000138,2025-07-06 10:39:19,C03,C03-R6,ip_edfe7625e774,dev_f54908241938
ACT-00000641,ASSET-0000708,ACCT-000253,2026-03-30 06:22:05,C08,C08-R3,ip_a4e216b71cc3,dev_1a8c442bb752
ACT-00000642,ASSET-0000709,ACCT-000063,2026-05-15 18:00:00,C03,C03-R4,ip_a28883204ca9,dev_959f3d834870
ACT-00000643,ASSET-0000710,ACCT-000355,2026-05-15 18:00:00,C05,C05-R3,ip_538621ed029a,dev_42ec0b9f1dfe
ACT-00000644,ASSET-0000711,ACCT-000086,2026-02-02 11:41:45,C07,C07-R2,ip_681d619785b7,dev_167b7f18a27d
ACT-00000645,ASSET-0000712,ACCT-000086,2026-02-23 11:41:45,C07,C07-R3,ip_929a7198402b,dev_167b7f18a27d
ACT-00000646,ASSET-0000714,ACCT-000265,2025-06-22 10:11:20,C06,C06-R1,ip_3a1139ae55ca,dev_2f2a99262d46
ACT-00000647,ASSET-0000715,ACCT-000265,2026-04-02 11:55:50,C06,C06-R4,ip_ce801f23754d,dev_2f2a99262d46
ACT-00000648,ASSET-0000716,ACCT-000265,2026-04-12 11:55:50,C06,C06-R4,ip_99b1e148ef8b,dev_2f2a99262d46
ACT-00000649,ASSET-0000717,ACCT-000265,2026-03-14 11:55:50,C06,C06-R6,ip_66d2a2d158d3,dev_2f2a99262d46
ACT-00000650,ASSET-0000718,ACCT-000178,2025-11-22 17:15:30,C04,C04-R1,ip_cf909e26bb51,dev_f95d35ea6f02
ACT-00000651,ASSET-0000719,ACCT-000178,2025-11-30 17:15:30,C04,C04-R4,ip_ad7ea09447a4,dev_f95d35ea6f02
ACT-00000652,ASSET-0000720,ACCT-000178,2026-05-11 13:34:37,C04,C04-R1,ip_73631a6c13ae,dev_f95d35ea6f02
ACT-00000653,ASSET-0000721,ACCT-000255,2025-08-22 06:49:42,C03,C03-R2,ip_8c48c004dd3e,dev_607d4cdae431
ACT-00000654,ASSET-0000722,ACCT-000071,2026-04-25 17:48:26,C04,C04-R2,ip_a2b7daf12a8e,dev_3cde8b07f0a3
ACT-00000655,ASSET-0000723,ACCT-000007,2025-12-06 12:59:01,C01,C01-R1,ip_ae5b0a24c910,dev_9e79e9aeba07
ACT-00000656,ASSET-0000725,ACCT-000007,2025-12-05 12:59:01,C01,C01-R5,ip_eb295a7a7f39,dev_9e79e9aeba07
ACT-00000657,ASSET-0000726,ACCT-000007,2025-12-17 12:59:01,C01,C01-R2,ip_7a83d37e3ccf,dev_9e79e9aeba07
ACT-00000658,ASSET-0000727,ACCT-000265,2026-01-01 15:43:21,C09,C09-R2,ip_a85d90ade4a1,dev_2f2a99262d46
ACT-00000659,ASSET-0000728,ACCT-000244,2026-05-06 07:05:12,C02,C02-R5,ip_7b0331e4325d,dev_752e2246adc0
ACT-00000660,ASSET-0000729,ACCT-000090,2025-11-08 17:37:36,C07,C07-R3,ip_0e6b00e8ea53,dev_57a61b9d8fab
ACT-00000661,ASSET-0000730,ACCT-000090,2026-01-25 14:40:34,C07,C07-R6,ip_ea6019ba7c7d,dev_57a61b9d8fab
ACT-00000662,ASSET-0000731,ACCT-000337,2026-01-21 14:34:38,C04,C04-R6,ip_cd4574b3ebdf,dev_290a900605b9
ACT-00000663,ASSET-0000732,ACCT-000342,2026-03-15 09:40:53,C03,C03-R4,ip_6caad9bf7792,dev_cf8791ec9c98
ACT-00000664,ASSET-0000733,ACCT-000342,2026-03-09 09:40:53,C07,C07-R3,ip_ab981fc896eb,dev_cf8791ec9c98
ACT-00000665,ASSET-0000734,ACCT-000342,2026-03-18 08:57:04,C03,C03-R2,ip_d8bb228ad32f,dev_cf8791ec9c98
ACT-00000666,ASSET-0000735,ACCT-000342,2026-02-25 08:57:04,C03,C03-R1,ip_88a75daea791,dev_cf8791ec9c98
ACT-00000667,ASSET-0000736,ACCT-000342,2026-04-12 20:38:29,C03,C03-R4,ip_533889ed3a17,dev_cf8791ec9c98
ACT-00000668,ASSET-0000737,ACCT-000342,2026-05-10 22:21:02,C03,C03-R6,ip_21aa086f43ff,dev_cf8791ec9c98
ACT-00000669,ASSET-0000739,ACCT-000159,2025-11-14 01:19:01,C07,C07-R1,ip_d70a074f31c9,dev_568ebd94ae07
ACT-00000670,ASSET-0000740,ACCT-000159,2025-11-22 01:19:01,C06,C06-R6,ip_8f2ec3c9fd47,dev_568ebd94ae07
ACT-00000671,ASSET-0000741,ACCT-000134,2026-03-24 04:55:16,C03,C03-R2,ip_75a72dfad663,dev_5cb37d7114e1
ACT-00000672,ASSET-0000742,ACCT-000264,2026-03-10 16:55:16,C03,C03-R2,ip_e2f3f1ab1b65,dev_56c30bccb9f4
ACT-00000673,ASSET-0000743,ACCT-000312,2026-02-19 06:26:12,C10,C10-R3,ip_eab6f220a41e,dev_3a1a92c63d38
ACT-00000674,ASSET-0000744,ACCT-000312,2026-02-27 13:54:52,C04,C04-R4,ip_e4c1b75c5538,dev_3a1a92c63d38
ACT-00000675,ASSET-0000745,ACCT-000314,2026-01-17 09:45:37,C04,C04-R2,ip_6767048f6b1f,dev_dd2e8403fc19
ACT-00000676,ASSET-0000746,ACCT-000233,2025-08-10 09:13:54,C06,C06-R2,ip_82a2ae182971,dev_399e21ff263c
ACT-00000677,ASSET-0000747,ACCT-000233,2025-12-31 20:51:10,C05,C05-R5,ip_d4588103be73,dev_399e21ff263c
ACT-00000678,ASSET-0000748,ACCT-000233,2026-02-25 21:29:07,C04,C04-R1,ip_fc7f0bcf9203,dev_399e21ff263c
ACT-00000679,ASSET-0000749,ACCT-000233,2026-04-28 23:15:35,C01,C01-R2,ip_ca7657372b09,dev_399e21ff263c
ACT-00000680,ASSET-0000750,ACCT-000359,2025-11-08 19:19:35,C03,C03-R6,ip_26547d0206d4,dev_3a4865264986
ACT-00000681,ASSET-0000751,ACCT-000039,2026-01-30 13:08:53,C05,C05-R4,ip_88888379c1b2,dev_e92a27813ca9
ACT-00000682,ASSET-0000752,ACCT-000045,2026-03-05 08:57:01,C04,C04-R5,ip_653041717496,dev_374c4a3c5124
ACT-00000683,ASSET-0000753,ACCT-000126,2026-04-15 13:07:30,C04,C04-R3,ip_51a7dfe48e1b,dev_b73c809f6207
ACT-00000684,ASSET-0000754,ACCT-000126,2026-05-08 13:07:30,C04,C04-R1,ip_fecb75e42562,dev_b73c809f6207
ACT-00000685,ASSET-0000755,ACCT-000284,2025-11-01 08:33:37,C01,C01-R5,ip_5dfbdcd34fcf,dev_78d32079d251
ACT-00000686,ASSET-0000756,ACCT-000123,2025-12-31 11:46:52,C07,C07-R6,ip_cc06d357d6fb,dev_838b5ed709e4
ACT-00000687,ASSET-0000757,ACCT-000123,2026-01-06 11:46:52,C07,C07-R4,ip_27b9c1c8d8b6,dev_838b5ed709e4
ACT-00000688,ASSET-0000758,ACCT-000123,2026-04-22 12:27:08,C07,C07-R3,ip_086e6678057b,dev_838b5ed709e4
ACT-00000689,ASSET-0000759,ACCT-000224,2026-03-11 05:17:36,C10,C10-R4,ip_11ad48d101c8,dev_a7b67c2b3c51
